activity_id,office_id,reporting_year,period_start,period_end,activity_type_code,quantity,market_based_tco2e,location_based_tco2e,is_estimated,source_type
ELECTRICITY_BIOMASS_SOUTH AFRICA_ZA_2025,SOUTH AFRICA_ZA,2025,2025-01-01,2025-12-31,ELECTRICITY_BIOMASS,1458.5410997772822,1.8120914623632955,1.8120914623632955,False,SCOPE_2
ELECTRICITY_COAL-OIL_HONG KONG_CN_2025,HONG KONG_CN,2025,2025-01-01,2025-12-31,ELECTRICITY_COAL-OIL,7201.22627876022,5.010613244761361,5.010613244761361,False,SCOPE_2
ELECTRICITY_COAL-OIL_MALTA_MT_2025,MALTA_MT,2025,2025-01-01,2025-12-31,ELECTRICITY_COAL-OIL,1541.8802329920004,0.6485148259964354,0.6485148259964354,False,SCOPE_2
ELECTRICITY_COAL-OIL_SINGAPORE_SG_2025,SINGAPORE_SG,2025,2025-01-01,2025-12-31,ELECTRICITY_COAL-OIL,226.39005,0.101490659415,0.101490659415,False,SCOPE_2
ELECTRICITY_COAL-OIL_SOUTH AFRICA_ZA_2025,SOUTH AFRICA_ZA,2025,2025-01-01,2025-12-31,ELECTRICITY_COAL-OIL,625.0890427616924,0.7766106267271268,0.7766106267271268,False,SCOPE_2
ELECTRICITY_COAL-OIL_UNITED KINGDOM_GB_2025,UNITED KINGDOM_GB,2025,2025-01-01,2025-12-31,ELECTRICITY_COAL-OIL,2401.56137,0.56196536058,0.56196536058,False,SCOPE_2
ELECTRICITY_NO_DETAIL_DUBAI_AE_2025,DUBAI_AE,2025,2025-01-01,2025-12-31,ELECTRICITY_NO_DETAIL,73039.3417932245,36.300552871232576,36.300552871232576,False,SCOPE_2
ELECTRICITY_FOSSIL FUEL_CYPRUS_CY_2025,CYPRUS_CY,2025,2025-01-01,2025-12-31,ELECTRICITY_FOSSIL FUEL,25829.71584765586,17.7656785600177,17.7656785600177,False,SCOPE_2
ELECTRICITY_GAS_UNITED KINGDOM_GB_2025,UNITED KINGDOM_GB,2025,2025-01-01,2025-12-31,ELECTRICITY_GAS,13554.57519,3.1717705944600003,3.1717705944600003,False,SCOPE_2
ELECTRICITY_HYDROPOWER_LUXEMBOURG_LU_2025,LUXEMBOURG_LU,2025,2025-01-01,2025-12-31,ELECTRICITY_HYDROPOWER,118325.0,,31.7939275,False,SCOPE_2
ELECTRICITY_HYDROPOWER_BERN_CH_2025,BERN_CH,2025,2025-01-01,2025-12-31,ELECTRICITY_HYDROPOWER,1824.0,,0.2154144,False,SCOPE_2
ELECTRICITY_HYDROPOWER_GLAND_ELLIPSE_CH_2025,GLAND_ELLIPSE_CH,2025,2025-01-01,2025-12-31,ELECTRICITY_HYDROPOWER,51634.0,,6.097975399999999,False,SCOPE_2
ELECTRICITY_HYDROPOWER_GLAND_HQ_CH_2025,GLAND_HQ_CH,2025,2025-01-01,2025-12-31,ELECTRICITY_HYDROPOWER,2988756.53,,352.972146193,False,SCOPE_2
ELECTRICITY_HYDROPOWER_ZÜRICH_LOWENSTRASSE_CH_2025,ZÜRICH_LOWENSTRASSE_CH,2025,2025-01-01,2025-12-31,ELECTRICITY_HYDROPOWER,100032.0,,11.8137792,False,SCOPE_2
ELECTRICITY_HYDROPOWER_ZÜRICH_STETTBACH_CH_2025,ZÜRICH_STETTBACH_CH,2025,2025-01-01,2025-12-31,ELECTRICITY_HYDROPOWER,38521.0,,4.5493301,False,SCOPE_2
ELECTRICITY_NATURAL GAS_HONG KONG_CN_2025,HONG KONG_CN,2025,2025-01-01,2025-12-31,ELECTRICITY_NATURAL GAS,15297.78646130443,10.64419981977562,10.64419981977562,False,SCOPE_2
ELECTRICITY_NATURAL GAS_MALTA_MT_2025,MALTA_MT,2025,2025-01-01,2025-12-31,ELECTRICITY_NATURAL GAS,32637.353122584005,13.727270723358837,13.727270723358837,False,SCOPE_2
ELECTRICITY_NATURAL GAS_BUCHAREST_RO_2025,BUCHAREST_RO,2025,2025-01-01,2025-12-31,ELECTRICITY_NATURAL GAS,41990.93481688274,11.543307981161066,11.543307981161066,False,SCOPE_2
ELECTRICITY_NATURAL GAS_SINGAPORE_SG_2025,SINGAPORE_SG,2025,2025-01-01,2025-12-31,ELECTRICITY_NATURAL GAS,23720.64635,10.633965758705,10.633965758705,False,SCOPE_2
ELECTRICITY_NUCLEAR_MALTA_MT_2025,MALTA_MT,2025,2025-01-01,2025-12-31,ELECTRICITY_NUCLEAR,652.833128952,0.2745816140372112,0.2745816140372112,False,SCOPE_2
ELECTRICITY_NUCLEAR_UNITED KINGDOM_GB_2025,UNITED KINGDOM_GB,2025,2025-01-01,2025-12-31,ELECTRICITY_NUCLEAR,6594.11766,1.54302353244,1.54302353244,False,SCOPE_2
ELECTRICITY_OTHER SOURCES_CYPRUS_CY_2025,CYPRUS_CY,2025,2025-01-01,2025-12-31,ELECTRICITY_OTHER SOURCES,3.1576669740410592,0.0021718433447454,0.0021718433447454,False,SCOPE_2
ELECTRICITY_OTHER SOURCES_MALTA_MT_2025,MALTA_MT,2025,2025-01-01,2025-12-31,ELECTRICITY_OTHER SOURCES,964.3240851120004,0.4055947101981073,0.4055947101981073,False,SCOPE_2
ELECTRICITY_OTHER SOURCES_UNITED KINGDOM_GB_2025,UNITED KINGDOM_GB,2025,2025-01-01,2025-12-31,ELECTRICITY_OTHER SOURCES,1017.61075,0.2381209155,0.2381209155,False,SCOPE_2
ELECTRICITY_PETROL_MALTA_MT_2025,MALTA_MT,2025,2025-01-01,2025-12-31,ELECTRICITY_PETROL,248.08692722400008,0.1043453615904144,0.1043453615904144,False,SCOPE_2
ELECTRICITY_PETROL_SINGAPORE_SG_2025,SINGAPORE_SG,2025,2025-01-01,2025-12-31,ELECTRICITY_PETROL,100.6178,0.04510695974,0.04510695974,False,SCOPE_2
ELECTRICITY_RENEWABLE_HONG KONG_CN_2025,HONG KONG_CN,2025,2025-01-01,2025-12-31,ELECTRICITY_RENEWABLE,29.34467579387716,0.0204180254173797,0.0204180254173797,False,SCOPE_2
ELECTRICITY_RENEWABLE_CYPRUS_CY_2025,CYPRUS_CY,2025,2025-01-01,2025-12-31,ELECTRICITY_RENEWABLE,5743.796225780687,3.950583044091956,3.950583044091956,False,SCOPE_2
ELECTRICITY_RENEWABLE_MALTA_MT_2025,MALTA_MT,2025,2025-01-01,2025-12-31,ELECTRICITY_RENEWABLE,3964.122503136,1.667309924819002,1.667309924819002,False,SCOPE_2
ELECTRICITY_RENEWABLE_SINGAPORE_SG_2025,SINGAPORE_SG,2025,2025-01-01,2025-12-31,ELECTRICITY_RENEWABLE,1106.7958,0.4961765571399999,0.4961765571399999,False,SCOPE_2
ELECTRICITY_RENEWABLE_UNITED KINGDOM_GB_2025,UNITED KINGDOM_GB,2025,2025-01-01,2025-12-31,ELECTRICITY_RENEWABLE,17136.565029999998,4.009956217019999,4.009956217019999,False,SCOPE_2
ELECTRICITY_SOLAR_GLAND_ELLIPSE_CH_2025,GLAND_ELLIPSE_CH,2025,2025-01-01,2025-12-31,ELECTRICITY_SOLAR,17551.0,,2.0727731,False,SCOPE_2
ELECTRICITY_BIOMASS_SOUTH AFRICA_ZA_2024,SOUTH AFRICA_ZA,2024,2024-01-01,2024-12-31,ELECTRICITY_BIOMASS,416.745,0.477256374,0.477256374,False,SCOPE_2
ELECTRICITY_COAL-OIL_HONG KONG_CN_2024,HONG KONG_CN,2024,2024-01-01,2024-12-31,ELECTRICITY_COAL-OIL,11672.304652278175,8.426236728479616,8.426236728479616,False,SCOPE_2
ELECTRICITY_COAL-OIL_MALTA_MT_2024,MALTA_MT,2024,2024-01-01,2024-12-31,ELECTRICITY_COAL-OIL,2008.047356184375,0.8622555347455706,0.8622555347455706,False,SCOPE_2
ELECTRICITY_COAL-OIL_SINGAPORE_SG_2024,SINGAPORE_SG,2024,2024-01-01,2024-12-31,ELECTRICITY_COAL-OIL,160.84045799999996,0.0774285964811999,0.0774285964811999,False,SCOPE_2
ELECTRICITY_COAL-OIL_SOUTH AFRICA_ZA_2024,SOUTH AFRICA_ZA,2024,2024-01-01,2024-12-31,ELECTRICITY_COAL-OIL,178.605,0.2045384459999999,0.2045384459999999,False,SCOPE_2
ELECTRICITY_COAL-OIL_UNITED KINGDOM_GB_2024,UNITED KINGDOM_GB,2024,2024-01-01,2024-12-31,ELECTRICITY_COAL-OIL,1773.9701099999995,0.4465082766869999,0.4465082766869999,False,SCOPE_2
ELECTRICITY_NO_DETAIL_DUBAI_AE_2024,DUBAI_AE,2024,2024-01-01,2024-12-31,ELECTRICITY_NO_DETAIL,78555.31555091447,37.28235276046401,37.28235276046401,False,SCOPE_2
ELECTRICITY_FOSSIL FUEL_CYPRUS_CY_2024,CYPRUS_CY,2024,2024-01-01,2024-12-31,ELECTRICITY_FOSSIL FUEL,24864.180332727272,17.90718267563018,17.90718267563018,False,SCOPE_2
ELECTRICITY_GAS_UNITED KINGDOM_GB_2024,UNITED KINGDOM_GB,2024,2024-01-01,2024-12-31,ELECTRICITY_GAS,10012.40757,2.5201229853689995,2.5201229853689995,False,SCOPE_2
ELECTRICITY_HYDROPOWER_LUXEMBOURG_LU_2024,LUXEMBOURG_LU,2024,2024-01-01,2024-12-31,ELECTRICITY_HYDROPOWER,133269.0,,34.7432283,False,SCOPE_2
ELECTRICITY_HYDROPOWER_BERN_CH_2024,BERN_CH,2024,2024-01-01,2024-12-31,ELECTRICITY_HYDROPOWER,1884.0,,0.1923563999999999,False,SCOPE_2
ELECTRICITY_HYDROPOWER_GLAND_ELLIPSE_CH_2024,GLAND_ELLIPSE_CH,2024,2024-01-01,2024-12-31,ELECTRICITY_HYDROPOWER,51046.0,,5.2117966,False,SCOPE_2
ELECTRICITY_HYDROPOWER_GLAND_HQ_CH_2024,GLAND_HQ_CH,2024,2024-01-01,2024-12-31,ELECTRICITY_HYDROPOWER,2638271.054054053,,269.36747461891883,False,SCOPE_2
ELECTRICITY_HYDROPOWER_ZÜRICH_LOWENSTRASSE_CH_2024,ZÜRICH_LOWENSTRASSE_CH,2024,2024-01-01,2024-12-31,ELECTRICITY_HYDROPOWER,102367.0,,10.4516707,False,SCOPE_2
ELECTRICITY_HYDROPOWER_ZÜRICH_STETTBACH_CH_2024,ZÜRICH_STETTBACH_CH,2024,2024-01-01,2024-12-31,ELECTRICITY_HYDROPOWER,36528.0,,3.7295088,False,SCOPE_2
ELECTRICITY_NATURAL GAS_HONG KONG_CN_2024,HONG KONG_CN,2024,2024-01-01,2024-12-31,ELECTRICITY_NATURAL GAS,15078.43932853717,10.885125351270982,10.885125351270982,False,SCOPE_2
ELECTRICITY_NATURAL GAS_MALTA_MT_2024,MALTA_MT,2024,2024-01-01,2024-12-31,ELECTRICITY_NATURAL GAS,31799.219094356253,13.654584679116574,13.654584679116574,False,SCOPE_2
ELECTRICITY_NATURAL GAS_BUCHAREST_RO_2024,BUCHAREST_RO,2024,2024-01-01,2024-12-31,ELECTRICITY_NATURAL GAS,40271.28288419728,13.79694151612599,13.79694151612599,False,SCOPE_2
ELECTRICITY_NATURAL GAS_SINGAPORE_SG_2024,SINGAPORE_SG,2024,2024-01-01,2024-12-31,ELECTRICITY_NATURAL GAS,16852.505765999995,8.112796275752396,8.112796275752396,False,SCOPE_2
ELECTRICITY_NUCLEAR_MALTA_MT_2024,MALTA_MT,2024,2024-01-01,2024-12-31,ELECTRICITY_NUCLEAR,388.028474625,0.166619427003975,0.166619427003975,False,SCOPE_2
ELECTRICITY_NUCLEAR_UNITED KINGDOM_GB_2024,UNITED KINGDOM_GB,2024,2024-01-01,2024-12-31,ELECTRICITY_NUCLEAR,4870.900979999999,1.2260057766659995,1.2260057766659995,False,SCOPE_2
ELECTRICITY_OTHER SOURCES_CYPRUS_CY_2024,CYPRUS_CY,2024,2024-01-01,2024-12-31,ELECTRICITY_OTHER SOURCES,78.10422721407625,0.0562506644395777,0.0562506644395777,False,SCOPE_2
ELECTRICITY_OTHER SOURCES_MALTA_MT_2024,MALTA_MT,2024,2024-01-01,2024-12-31,ELECTRICITY_OTHER SOURCES,314.832194184375,0.1351889441827706,0.1351889441827706,False,SCOPE_2
ELECTRICITY_OTHER SOURCES_UNITED KINGDOM_GB_2024,UNITED KINGDOM_GB,2024,2024-01-01,2024-12-31,ELECTRICITY_OTHER SOURCES,751.68225,0.189198422325,0.189198422325,False,SCOPE_2
ELECTRICITY_PETROL_MALTA_MT_2024,MALTA_MT,2024,2024-01-01,2024-12-31,ELECTRICITY_PETROL,555.435706725,0.238504092467715,0.238504092467715,False,SCOPE_2
ELECTRICITY_PETROL_SINGAPORE_SG_2024,SINGAPORE_SG,2024,2024-01-01,2024-12-31,ELECTRICITY_PETROL,71.48464799999999,0.0344127095471999,0.0344127095471999,False,SCOPE_2
ELECTRICITY_RENEWABLE_HONG KONG_CN_2024,HONG KONG_CN,2024,2024-01-01,2024-12-31,ELECTRICITY_RENEWABLE,27.485400479616303,0.019841710606235,0.019841710606235,False,SCOPE_2
ELECTRICITY_RENEWABLE_CYPRUS_CY_2024,CYPRUS_CY,2024,2024-01-01,2024-12-31,ELECTRICITY_RENEWABLE,5097.802830087976,3.67143759822936,3.67143759822936,False,SCOPE_2
ELECTRICITY_RENEWABLE_MALTA_MT_2024,MALTA_MT,2024,2024-01-01,2024-12-31,ELECTRICITY_RENEWABLE,3528.8746739250005,1.5152987849833952,1.5152987849833952,False,SCOPE_2
ELECTRICITY_RENEWABLE_SINGAPORE_SG_2024,SINGAPORE_SG,2024,2024-01-01,2024-12-31,ELECTRICITY_RENEWABLE,786.3311279999998,0.3785398050191999,0.3785398050191999,False,SCOPE_2
ELECTRICITY_RENEWABLE_UNITED KINGDOM_GB_2024,UNITED KINGDOM_GB,2024,2024-01-01,2024-12-31,ELECTRICITY_RENEWABLE,12658.32909,3.186101431953,3.186101431953,False,SCOPE_2
ELECTRICITY_SOLAR_GLAND_ELLIPSE_CH_2024,GLAND_ELLIPSE_CH,2024,2024-01-01,2024-12-31,ELECTRICITY_SOLAR,18313.0,,1.8697573,False,SCOPE_2
ELECTRICITY_BIOMASS_SOUTH AFRICA_ZA_2023,SOUTH AFRICA_ZA,2023,2023-01-01,2023-12-31,ELECTRICITY_BIOMASS,0.0,,0.0,False,SCOPE_2
ELECTRICITY_COAL-OIL_HONG KONG_CN_2023,HONG KONG_CN,2023,2023-01-01,2023-12-31,ELECTRICITY_COAL-OIL,10468.417074340528,7.5571502859664275,7.5571502859664275,False,SCOPE_2
ELECTRICITY_COAL-OIL_MALTA_MT_2023,MALTA_MT,2023,2023-01-01,2023-12-31,ELECTRICITY_COAL-OIL,1290.151508765625,0.5539910578639593,0.5539910578639593,False,SCOPE_2
ELECTRICITY_COAL-OIL_SINGAPORE_SG_2023,SINGAPORE_SG,2023,2023-01-01,2023-12-31,ELECTRICITY_COAL-OIL,146.47959,0.070515274626,0.070515274626,False,SCOPE_2
ELECTRICITY_COAL-OIL_SOUTH AFRICA_ZA_2023,SOUTH AFRICA_ZA,2023,2023-01-01,2023-12-31,ELECTRICITY_COAL-OIL,0.0,,0.0,False,SCOPE_2
ELECTRICITY_COAL-OIL_UNITED KINGDOM_GB_2023,UNITED KINGDOM_GB,2023,2023-01-01,2023-12-31,ELECTRICITY_COAL-OIL,2933.893,0.7384608681,0.7384608681,False,SCOPE_2
ELECTRICITY_NO_DETAIL_DUBAI_AE_2023,DUBAI_AE,2023,2023-01-01,2023-12-31,ELECTRICITY_NO_DETAIL,69997.15592532899,33.22065020216114,33.22065020216114,False,SCOPE_2
ELECTRICITY_FOSSIL FUEL_CYPRUS_CY_2023,CYPRUS_CY,2023,2023-01-01,2023-12-31,ELECTRICITY_FOSSIL FUEL,27296.691840737705,19.659077463699298,19.659077463699298,False,SCOPE_2
ELECTRICITY_GAS_UNITED KINGDOM_GB_2023,UNITED KINGDOM_GB,2023,2023-01-01,2023-12-31,ELECTRICITY_GAS,16559.091,4.1679232047,4.1679232047,False,SCOPE_2
ELECTRICITY_HYDROPOWER_LUXEMBOURG_LU_2023,LUXEMBOURG_LU,2023,2023-01-01,2023-12-31,ELECTRICITY_HYDROPOWER,116827.0,,30.4567989,False,SCOPE_2
ELECTRICITY_HYDROPOWER_BERN_CH_2023,BERN_CH,2023,2023-01-01,2023-12-31,ELECTRICITY_HYDROPOWER,3083.0,,0.3147743,False,SCOPE_2
ELECTRICITY_HYDROPOWER_GLAND_ELLIPSE_CH_2023,GLAND_ELLIPSE_CH,2023,2023-01-01,2023-12-31,ELECTRICITY_HYDROPOWER,43461.0,,4.4373681,False,SCOPE_2
ELECTRICITY_HYDROPOWER_GLAND_HQ_CH_2023,GLAND_HQ_CH,2023,2023-01-01,2023-12-31,ELECTRICITY_HYDROPOWER,2569998.6,,262.39685706,False,SCOPE_2
ELECTRICITY_HYDROPOWER_ZÜRICH_LOWENSTRASSE_CH_2023,ZÜRICH_LOWENSTRASSE_CH,2023,2023-01-01,2023-12-31,ELECTRICITY_HYDROPOWER,108249.0,,11.0522229,False,SCOPE_2
ELECTRICITY_HYDROPOWER_ZÜRICH_STETTBACH_CH_2023,ZÜRICH_STETTBACH_CH,2023,2023-01-01,2023-12-31,ELECTRICITY_HYDROPOWER,32799.0,,3.3487779,False,SCOPE_2
ELECTRICITY_NATURAL GAS_HONG KONG_CN_2023,HONG KONG_CN,2023,2023-01-01,2023-12-31,ELECTRICITY_NATURAL GAS,13523.241247002396,9.762427856211032,9.762427856211032,False,SCOPE_2
ELECTRICITY_NATURAL GAS_MALTA_MT_2023,MALTA_MT,2023,2023-01-01,2023-12-31,ELECTRICITY_NATURAL GAS,20430.69869134375,8.772942018063006,8.772942018063006,False,SCOPE_2
ELECTRICITY_NATURAL GAS_BUCHAREST_RO_2023,BUCHAREST_RO,2023,2023-01-01,2023-12-31,ELECTRICITY_NATURAL GAS,37091.49031785596,12.707544582897452,12.707544582897452,False,SCOPE_2
ELECTRICITY_NATURAL GAS_SINGAPORE_SG_2023,SINGAPORE_SG,2023,2023-01-01,2023-12-31,ELECTRICITY_NATURAL GAS,15347.80593,7.388433774701999,7.388433774701999,False,SCOPE_2
ELECTRICITY_NUCLEAR_MALTA_MT_2023,MALTA_MT,2023,2023-01-01,2023-12-31,ELECTRICITY_NUCLEAR,249.304639375,0.107051412147625,0.107051412147625,False,SCOPE_2
ELECTRICITY_NUCLEAR_UNITED KINGDOM_GB_2023,UNITED KINGDOM_GB,2023,2023-01-01,2023-12-31,ELECTRICITY_NUCLEAR,8055.774,2.0276383158,2.0276383158,False,SCOPE_2
ELECTRICITY_OTHER SOURCES_CYPRUS_CY_2023,CYPRUS_CY,2023,2023-01-01,2023-12-31,ELECTRICITY_OTHER SOURCES,85.7453168852459,0.0617537772207541,0.0617537772207541,False,SCOPE_2
ELECTRICITY_OTHER SOURCES_MALTA_MT_2023,MALTA_MT,2023,2023-01-01,2023-12-31,ELECTRICITY_OTHER SOURCES,202.276718765625,0.0868576230379593,0.0868576230379593,False,SCOPE_2
ELECTRICITY_OTHER SOURCES_UNITED KINGDOM_GB_2023,UNITED KINGDOM_GB,2023,2023-01-01,2023-12-31,ELECTRICITY_OTHER SOURCES,1243.1750000000002,0.3129071475,0.3129071475,False,SCOPE_2
ELECTRICITY_PETROL_MALTA_MT_2023,MALTA_MT,2023,2023-01-01,2023-12-31,ELECTRICITY_PETROL,356.862208875,0.153236632490925,0.153236632490925,False,SCOPE_2
ELECTRICITY_PETROL_SINGAPORE_SG_2023,SINGAPORE_SG,2023,2023-01-01,2023-12-31,ELECTRICITY_PETROL,65.10204,0.031340122056,0.031340122056,False,SCOPE_2
ELECTRICITY_RENEWABLE_HONG KONG_CN_2023,HONG KONG_CN,2023,2023-01-01,2023-12-31,ELECTRICITY_RENEWABLE,24.650541966426857,0.0177952262455635,0.0177952262455635,False,SCOPE_2
ELECTRICITY_RENEWABLE_CYPRUS_CY_2023,CYPRUS_CY,2023,2023-01-01,2023-12-31,ELECTRICITY_RENEWABLE,5596.530875163934,4.030621536293066,4.030621536293066,False,SCOPE_2
ELECTRICITY_RENEWABLE_MALTA_MT_2023,MALTA_MT,2023,2023-01-01,2023-12-31,ELECTRICITY_RENEWABLE,2267.2687328750003,0.9735651938965252,0.9735651938965252,False,SCOPE_2
ELECTRICITY_RENEWABLE_SINGAPORE_SG_2023,SINGAPORE_SG,2023,2023-01-01,2023-12-31,ELECTRICITY_RENEWABLE,716.12244,0.344741342616,0.344741342616,False,SCOPE_2
ELECTRICITY_RENEWABLE_UNITED KINGDOM_GB_2023,UNITED KINGDOM_GB,2023,2023-01-01,2023-12-31,ELECTRICITY_RENEWABLE,20935.067,5.269356363899999,5.269356363899999,False,SCOPE_2
ELECTRICITY_SOLAR_GLAND_ELLIPSE_CH_2023,GLAND_ELLIPSE_CH,2023,2023-01-01,2023-12-31,ELECTRICITY_SOLAR,18691.0,,1.9083511,False,SCOPE_2
HEATING_NATURAL_GAS_BUCHAREST_RO_2025,BUCHAREST_RO,2025,2025-01-01,2025-12-31,HEATING_NATURAL_GAS,82249.17336000002,15.048308757945604,,False,SCOPE_2
HEATING_NATURAL_GAS_BERN_CH_2025,BERN_CH,2025,2025-01-01,2025-12-31,HEATING_NATURAL_GAS,5274.0,0.96493104,,False,SCOPE_2
HEATING_HEAT_PUMP_GLAND_ELLIPSE_CH_2025,GLAND_ELLIPSE_CH,2025,2025-01-01,2025-12-31,HEATING_HEAT_PUMP,206015.0,,24.3303715,False,SCOPE_2
HEATING_NATURAL_GAS_GLAND_HQ_CH_2025,GLAND_HQ_CH,2025,2025-01-01,2025-12-31,HEATING_NATURAL_GAS,0.0,,,False,SCOPE_2
HEATING_BIOGAS_ZÜRICH_LOWENSTRASSE_CH_2025,ZÜRICH_LOWENSTRASSE_CH,2025,2025-01-01,2025-12-31,HEATING_BIOGAS,44428.0,0.00977416,,False,SCOPE_2
HEATING_NATURAL_GAS_ZÜRICH_LOWENSTRASSE_CH_2025,ZÜRICH_LOWENSTRASSE_CH,2025,2025-01-01,2025-12-31,HEATING_NATURAL_GAS,74807.0,13.68668872,,False,SCOPE_2
HEATING_BIOGAS_ZÜRICH_STETTBACH_CH_2025,ZÜRICH_STETTBACH_CH,2025,2025-01-01,2025-12-31,HEATING_BIOGAS,28958.106474820142,0.0063707834244604,,False,SCOPE_2
HEATING_NATURAL_GAS_ZÜRICH_STETTBACH_CH_2025,ZÜRICH_STETTBACH_CH,2025,2025-01-01,2025-12-31,HEATING_NATURAL_GAS,48759.09496402877,8.920964014618704,,False,SCOPE_2
HEATING_DISTRICT_LUXEMBOURG_LU_2025,LUXEMBOURG_LU,2025,2025-01-01,2025-12-31,HEATING_DISTRICT,30117.0,5.279208929999999,,False,SCOPE_2
HEATING_NATURAL_GAS_BUCHAREST_RO_2024,BUCHAREST_RO,2024,2024-01-01,2024-12-31,HEATING_NATURAL_GAS,53681.812152,9.8184034426008,,False,SCOPE_2
HEATING_NATURAL_GAS_BERN_CH_2024,BERN_CH,2024,2024-01-01,2024-12-31,HEATING_NATURAL_GAS,5707.0,1.0438103,,False,SCOPE_2
HEATING_HEAT_PUMP_GLAND_ELLIPSE_CH_2024,GLAND_ELLIPSE_CH,2024,2024-01-01,2024-12-31,HEATING_HEAT_PUMP,140800.0,,14.37568,False,SCOPE_2
HEATING_NATURAL_GAS_GLAND_HQ_CH_2024,GLAND_HQ_CH,2024,2024-01-01,2024-12-31,HEATING_NATURAL_GAS,148606.68,27.180161772,,False,SCOPE_2
HEATING_BIOGAS_ZÜRICH_LOWENSTRASSE_CH_2024,ZÜRICH_LOWENSTRASSE_CH,2024,2024-01-01,2024-12-31,HEATING_BIOGAS,44594.05,0.0102566315,,False,SCOPE_2
HEATING_NATURAL_GAS_ZÜRICH_LOWENSTRASSE_CH_2024,ZÜRICH_LOWENSTRASSE_CH,2024,2024-01-01,2024-12-31,HEATING_NATURAL_GAS,82819.45,15.147677405,,False,SCOPE_2
HEATING_BIOGAS_ZÜRICH_STETTBACH_CH_2024,ZÜRICH_STETTBACH_CH,2024,2024-01-01,2024-12-31,HEATING_BIOGAS,,,,False,SCOPE_2
HEATING_NATURAL_GAS_ZÜRICH_STETTBACH_CH_2024,ZÜRICH_STETTBACH_CH,2024,2024-01-01,2024-12-31,HEATING_NATURAL_GAS,83047.93597122302,15.18946748913669,,False,SCOPE_2
HEATING_DISTRICT_LUXEMBOURG_LU_2023,LUXEMBOURG_LU,2023,2024-01-01,2024-12-31,HEATING_DISTRICT,39192.0,7.0408428,,False,SCOPE_2
HEATING_NATURAL_GAS_BUCHAREST_RO_2023,BUCHAREST_RO,2023,2023-01-01,2023-12-31,HEATING_NATURAL_GAS,62989.53729668801,11.522608417911544,,False,SCOPE_2
HEATING_NATURAL_GAS_BERN_CH_2023,BERN_CH,2023,2023-01-01,2023-12-31,HEATING_NATURAL_GAS,8090.262000000001,1.4799429401303357,,False,SCOPE_2
HEATING_HEAT_PUMP_GLAND_ELLIPSE_CH_2023,GLAND_ELLIPSE_CH,2023,2023-01-01,2023-12-31,HEATING_HEAT_PUMP,157460.0,,16.076666,False,SCOPE_2
HEATING_NATURAL_GAS_GLAND_HQ_CH_2023,GLAND_HQ_CH,2023,2023-01-01,2023-12-31,HEATING_NATURAL_GAS,275413.1,50.38102263738926,,False,SCOPE_2
HEATING_BIOGAS_ZÜRICH_LOWENSTRASSE_CH_2023,ZÜRICH_LOWENSTRASSE_CH,2023,2023-01-01,2023-12-31,HEATING_BIOGAS,41245.0,0.0090739,,False,SCOPE_2
HEATING_NATURAL_GAS_ZÜRICH_LOWENSTRASSE_CH_2023,ZÜRICH_LOWENSTRASSE_CH,2023,2023-01-01,2023-12-31,HEATING_NATURAL_GAS,76597.0,14.01180695818792,,False,SCOPE_2
HEATING_BIOGAS_ZÜRICH_STETTBACH_CH_2023,ZÜRICH_STETTBACH_CH,2023,2023-01-01,2023-12-31,HEATING_BIOGAS,,,,False,SCOPE_2
HEATING_NATURAL_GAS_ZÜRICH_STETTBACH_CH_2023,ZÜRICH_STETTBACH_CH,2023,2023-01-01,2023-12-31,HEATING_NATURAL_GAS,76809.24604316546,14.050632898948964,,False,SCOPE_2
HEATING_DISTRICT_LUXEMBOURG_LU_2023,LUXEMBOURG_LU,2023,2023-01-01,2023-12-31,HEATING_DISTRICT,32052.0,5.758031919720805,,False,SCOPE_2
FUEL_PETROL_DUBAI_AE_2025,DUBAI_AE,2025,2025-01-01,2025-12-31,FUEL_PETROL,1967.3217054263564,4.07070338,,False,SCOPE_1
FUEL_DIESEL_LUXEMBOURG_LU_2025,LUXEMBOURG_LU,2025,2025-01-01,2025-12-31,FUEL_DIESEL,1478.6999999999998,3.801471533999999,,False,SCOPE_1
FUEL_PETROL_LUXEMBOURG_LU_2025,LUXEMBOURG_LU,2025,2025-01-01,2025-12-31,FUEL_PETROL,944.5,1.95432162,,False,SCOPE_1
FUEL_PETROL_LUXEMBOURG_LU_2025,LUXEMBOURG_LU,2025,2025-01-01,2025-12-31,FUEL_PETROL,865.5,1.79085798,,False,SCOPE_1
FUEL_DIESEL_SWITZERLAND_CH_2025,SWITZERLAND_CH,2025,2025-01-01,2025-12-31,FUEL_DIESEL,137.0,0.35220234,,False,SCOPE_1
FUEL_PETROL_DUBAI_AE_2024,DUBAI_AE,2024,2024-01-01,2024-12-31,FUEL_PETROL,2330.404255319149,5.485262470299573,,False,SCOPE_1
FUEL_DIESEL_LUXEMBOURG_LU_2024,LUXEMBOURG_LU,2024,2024-01-01,2024-12-31,FUEL_DIESEL,1510.6,4.019789939802,,False,SCOPE_1
FUEL_PETROL_LUXEMBOURG_LU_2024,LUXEMBOURG_LU,2024,2024-01-01,2024-12-31,FUEL_PETROL,1026.6,2.4163921084319995,,False,SCOPE_1
FUEL_PETROL_LUXEMBOURG_LU_2024,LUXEMBOURG_LU,2024,2024-01-01,2024-12-31,FUEL_PETROL,1238.1,2.914216899912,,False,SCOPE_1
FUEL_DIESEL_SWITZERLAND_CH_2024,SWITZERLAND_CH,2024,2024-01-01,2024-12-31,FUEL_DIESEL,,,,False,SCOPE_1
FUEL_PETROL_DUBAI_AE_2023,DUBAI_AE,2023,2023-01-01,2023-12-31,FUEL_PETROL,2143.6936026936028,5.027212092755067,,False,SCOPE_1
FUEL_DIESEL_LUXEMBOURG_LU_2023,LUXEMBOURG_LU,2023,2023-01-01,2023-12-31,FUEL_DIESEL,1511.34,4.018408047344893,,False,SCOPE_1
FUEL_PETROL_LUXEMBOURG_LU_2023,LUXEMBOURG_LU,2023,2023-01-01,2023-12-31,FUEL_PETROL,1178.4099999999994,2.763509204290996,,False,SCOPE_1
FUEL_PETROL_LUXEMBOURG_LU_2023,LUXEMBOURG_LU,2023,2023-01-01,2023-12-31,FUEL_PETROL,594.51,1.394195447291724,,False,SCOPE_1
FUEL_DIESEL_SWITZERLAND_CH_2023,SWITZERLAND_CH,2023,2023-01-01,2023-12-31,FUEL_DIESEL,,,,False,SCOPE_1
EMPLOYEE_COMMUTING_FOOT_SWITZERLAND_CH_2025,SWITZERLAND_CH,2025,2025-01-01,2025-12-31,EMPLOYEE_COMMUTING_FOOT,4313.735021359223,,,True,SCOPE_3
EMPLOYEE_COMMUTING_FOOT_LUXEMBOURG_LU_2025,LUXEMBOURG_LU,2025,2025-01-01,2025-12-31,EMPLOYEE_COMMUTING_FOOT,2.0,,,True,SCOPE_3
EMPLOYEE_COMMUTING_FOOT_BUCHAREST_RO_2025,BUCHAREST_RO,2025,2025-01-01,2025-12-31,EMPLOYEE_COMMUTING_FOOT,0.0,,,True,SCOPE_3
EMPLOYEE_COMMUTING_FOOT_DUBAI_AE_2025,DUBAI_AE,2025,2025-01-01,2025-12-31,EMPLOYEE_COMMUTING_FOOT,10.0,,,True,SCOPE_3
EMPLOYEE_COMMUTING_FOOT_MALTA_MT_2025,MALTA_MT,2025,2025-01-01,2025-12-31,EMPLOYEE_COMMUTING_FOOT,16.8,,,True,SCOPE_3
EMPLOYEE_COMMUTING_FOOT_HONG KONG_CN_2025,HONG KONG_CN,2025,2025-01-01,2025-12-31,EMPLOYEE_COMMUTING_FOOT,0.0,,,True,SCOPE_3
EMPLOYEE_COMMUTING_FOOT_CYPRUS_CY_2025,CYPRUS_CY,2025,2025-01-01,2025-12-31,EMPLOYEE_COMMUTING_FOOT,0.0,,,True,SCOPE_3
EMPLOYEE_COMMUTING_FOOT_UNITED KINGDOM_GB_2025,UNITED KINGDOM_GB,2025,2025-01-01,2025-12-31,EMPLOYEE_COMMUTING_FOOT,19.25,,,True,SCOPE_3
EMPLOYEE_COMMUTING_FOOT_SINGAPORE_SG_2025,SINGAPORE_SG,2025,2025-01-01,2025-12-31,EMPLOYEE_COMMUTING_FOOT,0.0,,,True,SCOPE_3
EMPLOYEE_COMMUTING_FOOT_SOUTH AFRICA_ZA_2025,SOUTH AFRICA_ZA,2025,2025-01-01,2025-12-31,EMPLOYEE_COMMUTING_FOOT,0.0,,,True,SCOPE_3
EMPLOYEE_COMMUTING_FOOT_YUH_CH_2025,YUH_CH,2025,2025-01-01,2025-12-31,EMPLOYEE_COMMUTING_FOOT,0.5,,,True,SCOPE_3
EMPLOYEE_COMMUTING_BICYCLE_SWITZERLAND_CH_2025,SWITZERLAND_CH,2025,2025-01-01,2025-12-31,EMPLOYEE_COMMUTING_BICYCLE,6778.726462135921,6.79195853619001,,True,SCOPE_3
EMPLOYEE_COMMUTING_BICYCLE_LUXEMBOURG_LU_2025,LUXEMBOURG_LU,2025,2025-01-01,2025-12-31,EMPLOYEE_COMMUTING_BICYCLE,12.0,0.0155696698181818,,True,SCOPE_3
EMPLOYEE_COMMUTING_BICYCLE_BUCHAREST_RO_2025,BUCHAREST_RO,2025,2025-01-01,2025-12-31,EMPLOYEE_COMMUTING_BICYCLE,0.0,,,True,SCOPE_3
EMPLOYEE_COMMUTING_BICYCLE_DUBAI_AE_2025,DUBAI_AE,2025,2025-01-01,2025-12-31,EMPLOYEE_COMMUTING_BICYCLE,0.0,,,True,SCOPE_3
EMPLOYEE_COMMUTING_BICYCLE_MALTA_MT_2025,MALTA_MT,2025,2025-01-01,2025-12-31,EMPLOYEE_COMMUTING_BICYCLE,0.0,,,True,SCOPE_3
EMPLOYEE_COMMUTING_BICYCLE_HONG KONG_CN_2025,HONG KONG_CN,2025,2025-01-01,2025-12-31,EMPLOYEE_COMMUTING_BICYCLE,0.0,,,True,SCOPE_3
EMPLOYEE_COMMUTING_BICYCLE_CYPRUS_CY_2025,CYPRUS_CY,2025,2025-01-01,2025-12-31,EMPLOYEE_COMMUTING_BICYCLE,0.0,,,True,SCOPE_3
EMPLOYEE_COMMUTING_BICYCLE_UNITED KINGDOM_GB_2025,UNITED KINGDOM_GB,2025,2025-01-01,2025-12-31,EMPLOYEE_COMMUTING_BICYCLE,0.0,,,True,SCOPE_3
EMPLOYEE_COMMUTING_BICYCLE_SINGAPORE_SG_2025,SINGAPORE_SG,2025,2025-01-01,2025-12-31,EMPLOYEE_COMMUTING_BICYCLE,0.0,,,True,SCOPE_3
EMPLOYEE_COMMUTING_BICYCLE_SOUTH AFRICA_ZA_2025,SOUTH AFRICA_ZA,2025,2025-01-01,2025-12-31,EMPLOYEE_COMMUTING_BICYCLE,0.0,,,True,SCOPE_3
EMPLOYEE_COMMUTING_BICYCLE_YUH_CH_2025,YUH_CH,2025,2025-01-01,2025-12-31,EMPLOYEE_COMMUTING_BICYCLE,21.0,0.010897896605107,,True,SCOPE_3
EMPLOYEE_COMMUTING_PUBLIC TRANSPORT_SWITZERLAND_CH_2025,SWITZERLAND_CH,2025,2025-01-01,2025-12-31,EMPLOYEE_COMMUTING_PUBLIC TRANSPORT,23109.29475728155,105.02176145650952,,True,SCOPE_3
EMPLOYEE_COMMUTING_PUBLIC TRANSPORT_LUXEMBOURG_LU_2025,LUXEMBOURG_LU,2025,2025-01-01,2025-12-31,EMPLOYEE_COMMUTING_PUBLIC TRANSPORT,2123.0,40.93188462696668,,True,SCOPE_3
EMPLOYEE_COMMUTING_PUBLIC TRANSPORT_BUCHAREST_RO_2025,BUCHAREST_RO,2025,2025-01-01,2025-12-31,EMPLOYEE_COMMUTING_PUBLIC TRANSPORT,48195.2,4.010563568,,True,SCOPE_3
EMPLOYEE_COMMUTING_PUBLIC TRANSPORT_DUBAI_AE_2025,DUBAI_AE,2025,2025-01-01,2025-12-31,EMPLOYEE_COMMUTING_PUBLIC TRANSPORT,346.0,7.111720330000001,,True,SCOPE_3
EMPLOYEE_COMMUTING_PUBLIC TRANSPORT_MALTA_MT_2025,MALTA_MT,2025,2025-01-01,2025-12-31,EMPLOYEE_COMMUTING_PUBLIC TRANSPORT,195.0,3.632883969,,True,SCOPE_3
EMPLOYEE_COMMUTING_PUBLIC TRANSPORT_HONG KONG_CN_2025,HONG KONG_CN,2025,2025-01-01,2025-12-31,EMPLOYEE_COMMUTING_PUBLIC TRANSPORT,278.3360655737705,5.651463510000001,,True,SCOPE_3
EMPLOYEE_COMMUTING_PUBLIC TRANSPORT_CYPRUS_CY_2025,CYPRUS_CY,2025,2025-01-01,2025-12-31,EMPLOYEE_COMMUTING_PUBLIC TRANSPORT,0.0,,,True,SCOPE_3
EMPLOYEE_COMMUTING_PUBLIC TRANSPORT_UNITED KINGDOM_GB_2025,UNITED KINGDOM_GB,2025,2025-01-01,2025-12-31,EMPLOYEE_COMMUTING_PUBLIC TRANSPORT,242.35,4.22498585521176,,True,SCOPE_3
EMPLOYEE_COMMUTING_PUBLIC TRANSPORT_SINGAPORE_SG_2025,SINGAPORE_SG,2025,2025-01-01,2025-12-31,EMPLOYEE_COMMUTING_PUBLIC TRANSPORT,389.2,5.390894175333334,,True,SCOPE_3
EMPLOYEE_COMMUTING_PUBLIC TRANSPORT_SOUTH AFRICA_ZA_2025,SOUTH AFRICA_ZA,2025,2025-01-01,2025-12-31,EMPLOYEE_COMMUTING_PUBLIC TRANSPORT,0.0,,,True,SCOPE_3
EMPLOYEE_COMMUTING_PUBLIC TRANSPORT_YUH_CH_2025,YUH_CH,2025,2025-01-01,2025-12-31,EMPLOYEE_COMMUTING_PUBLIC TRANSPORT,1324.5,10.213837442253686,,True,SCOPE_3
EMPLOYEE_COMMUTING_MOTOR VEHICLE_SWITZERLAND_CH_2025,SWITZERLAND_CH,2025,2025-01-01,2025-12-31,EMPLOYEE_COMMUTING_MOTOR VEHICLE,29271.77335922329,976.2337805101683,,True,SCOPE_3
EMPLOYEE_COMMUTING_MOTOR VEHICLE_LUXEMBOURG_LU_2025,LUXEMBOURG_LU,2025,2025-01-01,2025-12-31,EMPLOYEE_COMMUTING_MOTOR VEHICLE,1439.0,70.42828003561212,,True,SCOPE_3
EMPLOYEE_COMMUTING_MOTOR VEHICLE_BUCHAREST_RO_2025,BUCHAREST_RO,2025,2025-01-01,2025-12-31,EMPLOYEE_COMMUTING_MOTOR VEHICLE,4891.2,1.033217088,,True,SCOPE_3
EMPLOYEE_COMMUTING_MOTOR VEHICLE_DUBAI_AE_2025,DUBAI_AE,2025,2025-01-01,2025-12-31,EMPLOYEE_COMMUTING_MOTOR VEHICLE,1289.6,67.286530688,,True,SCOPE_3
EMPLOYEE_COMMUTING_MOTOR VEHICLE_MALTA_MT_2025,MALTA_MT,2025,2025-01-01,2025-12-31,EMPLOYEE_COMMUTING_MOTOR VEHICLE,148.75,7.034746166000001,,True,SCOPE_3
EMPLOYEE_COMMUTING_MOTOR VEHICLE_HONG KONG_CN_2025,HONG KONG_CN,2025,2025-01-01,2025-12-31,EMPLOYEE_COMMUTING_MOTOR VEHICLE,0.0,,,True,SCOPE_3
EMPLOYEE_COMMUTING_MOTOR VEHICLE_CYPRUS_CY_2025,CYPRUS_CY,2025,2025-01-01,2025-12-31,EMPLOYEE_COMMUTING_MOTOR VEHICLE,365.2000000000001,14.117507184000004,,True,SCOPE_3
EMPLOYEE_COMMUTING_MOTOR VEHICLE_UNITED KINGDOM_GB_2025,UNITED KINGDOM_GB,2025,2025-01-01,2025-12-31,EMPLOYEE_COMMUTING_MOTOR VEHICLE,0.0,,,True,SCOPE_3
EMPLOYEE_COMMUTING_MOTOR VEHICLE_SINGAPORE_SG_2025,SINGAPORE_SG,2025,2025-01-01,2025-12-31,EMPLOYEE_COMMUTING_MOTOR VEHICLE,0.0,,,True,SCOPE_3
EMPLOYEE_COMMUTING_MOTOR VEHICLE_SOUTH AFRICA_ZA_2025,SOUTH AFRICA_ZA,2025,2025-01-01,2025-12-31,EMPLOYEE_COMMUTING_MOTOR VEHICLE,223.0,11.339586175555556,,True,SCOPE_3
EMPLOYEE_COMMUTING_MOTOR VEHICLE_YUH_CH_2025,YUH_CH,2025,2025-01-01,2025-12-31,EMPLOYEE_COMMUTING_MOTOR VEHICLE,588.2,11.514273482203317,,True,SCOPE_3
BUSINESS_TRAVEL_FLIGHT_BUCHAREST_RO_2025,BUCHAREST_RO,2025,2025-01-01,2025-12-31,BUSINESS_TRAVEL_FLIGHT,0.0,,,False,SCOPE_3
BUSINESS_TRAVEL_FLIGHT_CYPRUS_CY_2025,CYPRUS_CY,2025,2025-01-01,2025-12-31,BUSINESS_TRAVEL_FLIGHT,8404.36,1.379575694,,False,SCOPE_3
BUSINESS_TRAVEL_FLIGHT_DUBAI_AE_2025,DUBAI_AE,2025,2025-01-01,2025-12-31,BUSINESS_TRAVEL_FLIGHT,125541.49999999996,20.60763722499999,,False,SCOPE_3
BUSINESS_TRAVEL_CAR_DUBAI_AE_2025,DUBAI_AE,2025,2025-01-01,2025-12-31,BUSINESS_TRAVEL_CAR,1400.0,0.295736,,False,SCOPE_3
BUSINESS_TRAVEL_FLIGHT_HONG KONG_CN_2025,HONG KONG_CN,2025,2025-01-01,2025-12-31,BUSINESS_TRAVEL_FLIGHT,26117.4,4.28717121,,False,SCOPE_3
BUSINESS_TRAVEL_FLIGHT_UNITED KINGDOM_GB_2025,UNITED KINGDOM_GB,2025,2025-01-01,2025-12-31,BUSINESS_TRAVEL_FLIGHT,28970.99999999997,4.755589649999997,,False,SCOPE_3
BUSINESS_TRAVEL_FLIGHT_LUXEMBOURG_LU_2025,LUXEMBOURG_LU,2025,2025-01-01,2025-12-31,BUSINESS_TRAVEL_FLIGHT,152031.80000000016,24.95601997000003,,False,SCOPE_3
BUSINESS_TRAVEL_CAR_LUXEMBOURG_LU_2025,LUXEMBOURG_LU,2025,2025-01-01,2025-12-31,BUSINESS_TRAVEL_CAR,5091.0,1.07542284,,False,SCOPE_3
BUSINESS_TRAVEL_TRAIN_LUXEMBOURG_LU_2025,LUXEMBOURG_LU,2025,2025-01-01,2025-12-31,BUSINESS_TRAVEL_TRAIN,8728.0,0.04913864,,False,SCOPE_3
BUSINESS_TRAVEL_FLIGHT_MALTA_MT_2025,MALTA_MT,2025,2025-01-01,2025-12-31,BUSINESS_TRAVEL_FLIGHT,47543.20000000002,7.804216280000002,,False,SCOPE_3
BUSINESS_TRAVEL_FLIGHT_SINGAPORE_SG_2025,SINGAPORE_SG,2025,2025-01-01,2025-12-31,BUSINESS_TRAVEL_FLIGHT,133917.5,21.982557625,,False,SCOPE_3
BUSINESS_TRAVEL_FLIGHT_SOUTH AFRICA_ZA_2025,SOUTH AFRICA_ZA,2025,2025-01-01,2025-12-31,BUSINESS_TRAVEL_FLIGHT,121359.50000000004,19.921161925000003,,False,SCOPE_3
BUSINESS_TRAVEL_CAR_SOUTH AFRICA_ZA_2025,SOUTH AFRICA_ZA,2025,2025-01-01,2025-12-31,BUSINESS_TRAVEL_CAR,10915.399999999998,2.305769096,,False,SCOPE_3
BUSINESS_TRAVEL_TRAIN_CFF_SWITZERLAND_CH_2025,SWITZERLAND_CH,2025,2025-01-01,2025-12-31,BUSINESS_TRAVEL_TRAIN_CFF,,4.813,,False,SCOPE_3
BUSINESS_TRAVEL_FLIGHT_EGENCIA_SWITZERLAND_CH_2025,SWITZERLAND_CH,2025,2025-01-01,2025-12-31,BUSINESS_TRAVEL_FLIGHT_EGENCIA,,321.539741346,,False,SCOPE_3
BUSINESS_TRAVEL_FLIGHT_BUCHAREST_RO_2024,BUCHAREST_RO,2024,2024-01-01,2024-12-31,BUSINESS_TRAVEL_FLIGHT,18962.340000000004,4.492254195360001,,False,SCOPE_3
BUSINESS_TRAVEL_FLIGHT_CYPRUS_CY_2024,CYPRUS_CY,2024,2024-01-01,2024-12-31,BUSINESS_TRAVEL_FLIGHT,5822.0,1.379255088,,False,SCOPE_3
BUSINESS_TRAVEL_FLIGHT_DUBAI_AE_2024,DUBAI_AE,2024,2024-01-01,2024-12-31,BUSINESS_TRAVEL_FLIGHT,149120.30999999994,35.32719792023999,,False,SCOPE_3
BUSINESS_TRAVEL_CAR_DUBAI_AE_2024,DUBAI_AE,2024,2024-01-01,2024-12-31,BUSINESS_TRAVEL_CAR,,,,False,SCOPE_3
BUSINESS_TRAVEL_FLIGHT_HONG KONG_CN_2024,HONG KONG_CN,2024,2024-01-01,2024-12-31,BUSINESS_TRAVEL_FLIGHT,93832.0,22.229176128,,False,SCOPE_3
BUSINESS_TRAVEL_FLIGHT_UNITED KINGDOM_GB_2024,UNITED KINGDOM_GB,2024,2024-01-01,2024-12-31,BUSINESS_TRAVEL_FLIGHT,11484.0,2.720605536,,False,SCOPE_3
BUSINESS_TRAVEL_FLIGHT_LUXEMBOURG_LU_2024,LUXEMBOURG_LU,2024,2024-01-01,2024-12-31,BUSINESS_TRAVEL_FLIGHT,88124.0,20.876928096000004,,False,SCOPE_3
BUSINESS_TRAVEL_CAR_LUXEMBOURG_LU_2024,LUXEMBOURG_LU,2024,2024-01-01,2024-12-31,BUSINESS_TRAVEL_CAR,,,,False,SCOPE_3
BUSINESS_TRAVEL_TRAIN_LUXEMBOURG_LU_2024,LUXEMBOURG_LU,2024,2024-01-01,2024-12-31,BUSINESS_TRAVEL_TRAIN,1861.0,,,False,SCOPE_3
BUSINESS_TRAVEL_FLIGHT_MALTA_MT_2024,MALTA_MT,2024,2024-01-01,2024-12-31,BUSINESS_TRAVEL_FLIGHT,47142.0,11.168128368,,False,SCOPE_3
BUSINESS_TRAVEL_FLIGHT_SINGAPORE_SG_2024,SINGAPORE_SG,2024,2024-01-01,2024-12-31,BUSINESS_TRAVEL_FLIGHT,139050.0,32.9415012,,False,SCOPE_3
BUSINESS_TRAVEL_FLIGHT_SOUTH AFRICA_ZA_2024,SOUTH AFRICA_ZA,2024,2024-01-01,2024-12-31,BUSINESS_TRAVEL_FLIGHT,56000.0,13.266624000000002,,False,SCOPE_3
BUSINESS_TRAVEL_CAR_SOUTH AFRICA_ZA_2024,SOUTH AFRICA_ZA,2024,2024-01-01,2024-12-31,BUSINESS_TRAVEL_CAR,,,,False,SCOPE_3
BUSINESS_TRAVEL_TRAIN_CFF_SWITZERLAND_CH_2024,SWITZERLAND_CH,2024,2024-01-01,2024-12-31,BUSINESS_TRAVEL_TRAIN_CFF,,4.333,,False,SCOPE_3
BUSINESS_TRAVEL_FLIGHT_EGENCIA_SWITZERLAND_CH_2024,SWITZERLAND_CH,2024,2024-01-01,2024-12-31,BUSINESS_TRAVEL_FLIGHT_EGENCIA,,472.098359999999,,False,SCOPE_3
BUSINESS_TRAVEL_FLIGHT_BUCHAREST_RO_2023,BUCHAREST_RO,2023,2023-01-01,2023-12-31,BUSINESS_TRAVEL_FLIGHT,,,,False,SCOPE_3
BUSINESS_TRAVEL_FLIGHT_CYPRUS_CY_2023,CYPRUS_CY,2023,2023-01-01,2023-12-31,BUSINESS_TRAVEL_FLIGHT,0.0,,,False,SCOPE_3
BUSINESS_TRAVEL_FLIGHT_DUBAI_AE_2023,DUBAI_AE,2023,2023-01-01,2023-12-31,BUSINESS_TRAVEL_FLIGHT,70667.74,16.741791155927615,,False,SCOPE_3
BUSINESS_TRAVEL_CAR_DUBAI_AE_2023,DUBAI_AE,2023,2023-01-01,2023-12-31,BUSINESS_TRAVEL_CAR,,,,False,SCOPE_3
BUSINESS_TRAVEL_FLIGHT_HONG KONG_CN_2023,HONG KONG_CN,2023,2023-01-01,2023-12-31,BUSINESS_TRAVEL_FLIGHT,31212.0,7.394389371427651,,False,SCOPE_3
BUSINESS_TRAVEL_FLIGHT_UNITED KINGDOM_GB_2023,UNITED KINGDOM_GB,2023,2023-01-01,2023-12-31,BUSINESS_TRAVEL_FLIGHT,31747.42,7.521234942273794,,False,SCOPE_3
BUSINESS_TRAVEL_FLIGHT_LUXEMBOURG_LU_2023,LUXEMBOURG_LU,2023,2023-01-01,2023-12-31,BUSINESS_TRAVEL_FLIGHT,147691.75257175666,34.99,,False,SCOPE_3
BUSINESS_TRAVEL_CAR_LUXEMBOURG_LU_2023,LUXEMBOURG_LU,2023,2023-01-01,2023-12-31,BUSINESS_TRAVEL_CAR,,,,False,SCOPE_3
BUSINESS_TRAVEL_TRAIN_LUXEMBOURG_LU_2023,LUXEMBOURG_LU,2023,2023-01-01,2023-12-31,BUSINESS_TRAVEL_TRAIN,,,,False,SCOPE_3
BUSINESS_TRAVEL_FLIGHT_MALTA_MT_2023,MALTA_MT,2023,2023-01-01,2023-12-31,BUSINESS_TRAVEL_FLIGHT,42960.0,10.177590907232211,,False,SCOPE_3
BUSINESS_TRAVEL_FLIGHT_SINGAPORE_SG_2023,SINGAPORE_SG,2023,2023-01-01,2023-12-31,BUSINESS_TRAVEL_FLIGHT,103230.0,24.45606865348188,,False,SCOPE_3
BUSINESS_TRAVEL_FLIGHT_SOUTH AFRICA_ZA_2023,SOUTH AFRICA_ZA,2023,2023-01-01,2023-12-31,BUSINESS_TRAVEL_FLIGHT,0.0,,,False,SCOPE_3
BUSINESS_TRAVEL_CAR_SOUTH AFRICA_ZA_2023,SOUTH AFRICA_ZA,2023,2023-01-01,2023-12-31,BUSINESS_TRAVEL_CAR,,,,False,SCOPE_3
BUSINESS_TRAVEL_TRAIN_CFF_SWITZERLAND_CH_2023,SWITZERLAND_CH,2023,2023-01-01,2023-12-31,BUSINESS_TRAVEL_TRAIN_CFF,,1.81,,False,SCOPE_3
BUSINESS_TRAVEL_FLIGHT_EGENCIA_SWITZERLAND_CH_2023,SWITZERLAND_CH,2023,2023-01-01,2023-12-31,BUSINESS_TRAVEL_FLIGHT_EGENCIA,,440.00743,,False,SCOPE_3
BUSINESS_TRAVEL_HOTEL_BUCHAREST_RO_2025,BUCHAREST_RO,2025,2025-01-01,2025-12-31,BUSINESS_TRAVEL_HOTEL,84.0,0.5544,,False,SCOPE_3
BUSINESS_TRAVEL_HOTEL_CYPRUS_CY_2025,CYPRUS_CY,2025,2025-01-01,2025-12-31,BUSINESS_TRAVEL_HOTEL,9.0,0.0726,,False,SCOPE_3
BUSINESS_TRAVEL_HOTEL_DUBAI_AE_2025,DUBAI_AE,2025,2025-01-01,2025-12-31,BUSINESS_TRAVEL_HOTEL,20.0,0.8982000000000001,,False,SCOPE_3
BUSINESS_TRAVEL_HOTEL_HONG KONG_CN_2025,HONG KONG_CN,2025,2025-01-01,2025-12-31,BUSINESS_TRAVEL_HOTEL,6.0,0.0395999999999999,,False,SCOPE_3
BUSINESS_TRAVEL_HOTEL_UNITED KINGDOM_GB_2025,UNITED KINGDOM_GB,2025,2025-01-01,2025-12-31,BUSINESS_TRAVEL_HOTEL,136.0,1.3149,,False,SCOPE_3
BUSINESS_TRAVEL_HOTEL_LUXEMBOURG_LU_2025,LUXEMBOURG_LU,2025,2025-01-01,2025-12-31,BUSINESS_TRAVEL_HOTEL,197.0,2.2927,,False,SCOPE_3
BUSINESS_TRAVEL_HOTEL_MALTA_MT_2025,MALTA_MT,2025,2025-01-01,2025-12-31,BUSINESS_TRAVEL_HOTEL,46.0,0.3969,,False,SCOPE_3
BUSINESS_TRAVEL_HOTEL_SINGAPORE_SG_2025,SINGAPORE_SG,2025,2025-01-01,2025-12-31,BUSINESS_TRAVEL_HOTEL,34.0,0.7182999999999999,,False,SCOPE_3
BUSINESS_TRAVEL_HOTEL_SOUTH AFRICA_ZA_2025,SOUTH AFRICA_ZA,2025,2025-01-01,2025-12-31,BUSINESS_TRAVEL_HOTEL,115.0,3.4819,,False,SCOPE_3
BUSINESS_TRAVEL_HOTEL_SWITZERLAND_CH_2025,SWITZERLAND_CH,2025,2025-01-01,2025-12-31,BUSINESS_TRAVEL_HOTEL,,4.511799999999999,,False,SCOPE_3
BUSINESS_TRAVEL_HOTEL_SWITZERLAND_CH_2025,SWITZERLAND_CH,2025,2025-01-01,2025-12-31,BUSINESS_TRAVEL_HOTEL,,39.730800000000016,,False,SCOPE_3
BUSINESS_TRAVEL_HOTEL_YUH_CH_2025,YUH_CH,2025,2025-01-01,2025-12-31,BUSINESS_TRAVEL_HOTEL,,,,False,SCOPE_3
BUSINESS_TRAVEL_HOTEL_BUCHAREST_RO_2024,BUCHAREST_RO,2024,2024-01-01,2024-12-31,BUSINESS_TRAVEL_HOTEL,20.0,0.132,,False,SCOPE_3
BUSINESS_TRAVEL_HOTEL_CYPRUS_CY_2024,CYPRUS_CY,2024,2024-01-01,2024-12-31,BUSINESS_TRAVEL_HOTEL,6.0,0.164,,False,SCOPE_3
BUSINESS_TRAVEL_HOTEL_DUBAI_AE_2024,DUBAI_AE,2024,2024-01-01,2024-12-31,BUSINESS_TRAVEL_HOTEL,66.0,0.5193,,False,SCOPE_3
BUSINESS_TRAVEL_HOTEL_HONG KONG_CN_2024,HONG KONG_CN,2024,2024-01-01,2024-12-31,BUSINESS_TRAVEL_HOTEL,35.0,0.7110000000000001,,False,SCOPE_3
BUSINESS_TRAVEL_HOTEL_UNITED KINGDOM_GB_2024,UNITED KINGDOM_GB,2024,2024-01-01,2024-12-31,BUSINESS_TRAVEL_HOTEL,13.0,0.1166,,False,SCOPE_3
BUSINESS_TRAVEL_HOTEL_LUXEMBOURG_LU_2024,LUXEMBOURG_LU,2024,2024-01-01,2024-12-31,BUSINESS_TRAVEL_HOTEL,79.0,1.1028,,False,SCOPE_3
BUSINESS_TRAVEL_HOTEL_MALTA_MT_2024,MALTA_MT,2024,2024-01-01,2024-12-31,BUSINESS_TRAVEL_HOTEL,31.0,0.4756,,False,SCOPE_3
BUSINESS_TRAVEL_HOTEL_SINGAPORE_SG_2024,SINGAPORE_SG,2024,2024-01-01,2024-12-31,BUSINESS_TRAVEL_HOTEL,32.0,0.7051000000000001,,False,SCOPE_3
BUSINESS_TRAVEL_HOTEL_SOUTH AFRICA_ZA_2024,SOUTH AFRICA_ZA,2024,2024-01-01,2024-12-31,BUSINESS_TRAVEL_HOTEL,9.0,0.2541,,False,SCOPE_3
BUSINESS_TRAVEL_HOTEL_SWITZERLAND_CH_2024,SWITZERLAND_CH,2024,2024-01-01,2024-12-31,BUSINESS_TRAVEL_HOTEL,,4.0834,,False,SCOPE_3
BUSINESS_TRAVEL_HOTEL_SWITZERLAND_CH_2024,SWITZERLAND_CH,2024,2024-01-01,2024-12-31,BUSINESS_TRAVEL_HOTEL,,26.23019999999991,,False,SCOPE_3
BUSINESS_TRAVEL_HOTEL_YUH_CH_2024,YUH_CH,2024,2024-01-01,2024-12-31,BUSINESS_TRAVEL_HOTEL,,,,False,SCOPE_3
BUSINESS_TRAVEL_HOTEL_BUCHAREST_RO_2023,BUCHAREST_RO,2023,2023-01-01,2023-12-31,BUSINESS_TRAVEL_HOTEL,,,,False,SCOPE_3
BUSINESS_TRAVEL_HOTEL_CYPRUS_CY_2023,CYPRUS_CY,2023,2023-01-01,2023-12-31,BUSINESS_TRAVEL_HOTEL,,,,False,SCOPE_3
BUSINESS_TRAVEL_HOTEL_DUBAI_AE_2023,DUBAI_AE,2023,2023-01-01,2023-12-31,BUSINESS_TRAVEL_HOTEL,,0.3037999999999999,,False,SCOPE_3
BUSINESS_TRAVEL_HOTEL_HONG KONG_CN_2023,HONG KONG_CN,2023,2023-01-01,2023-12-31,BUSINESS_TRAVEL_HOTEL,18.0,0.4936999999999999,,False,SCOPE_3
BUSINESS_TRAVEL_HOTEL_UNITED KINGDOM_GB_2023,UNITED KINGDOM_GB,2023,2023-01-01,2023-12-31,BUSINESS_TRAVEL_HOTEL,31.0,0.4183,,False,SCOPE_3
BUSINESS_TRAVEL_HOTEL_LUXEMBOURG_LU_2023,LUXEMBOURG_LU,2023,2023-01-01,2023-12-31,BUSINESS_TRAVEL_HOTEL,,1.8496,,False,SCOPE_3
BUSINESS_TRAVEL_HOTEL_MALTA_MT_2023,MALTA_MT,2023,2023-01-01,2023-12-31,BUSINESS_TRAVEL_HOTEL,18.0,0.1109999999999999,,False,SCOPE_3
BUSINESS_TRAVEL_HOTEL_SINGAPORE_SG_2023,SINGAPORE_SG,2023,2023-01-01,2023-12-31,BUSINESS_TRAVEL_HOTEL,31.0,0.9397,,False,SCOPE_3
BUSINESS_TRAVEL_HOTEL_SOUTH AFRICA_ZA_2023,SOUTH AFRICA_ZA,2023,2023-01-01,2023-12-31,BUSINESS_TRAVEL_HOTEL,,,,False,SCOPE_3
BUSINESS_TRAVEL_HOTEL_SWITZERLAND_CH_2023,SWITZERLAND_CH,2023,2023-01-01,2023-12-31,BUSINESS_TRAVEL_HOTEL,,,,False,SCOPE_3
BUSINESS_TRAVEL_HOTEL_SWITZERLAND_CH_2023,SWITZERLAND_CH,2023,2023-01-01,2023-12-31,BUSINESS_TRAVEL_HOTEL,,15.996800000000002,,False,SCOPE_3
BUSINESS_TRAVEL_HOTEL_YUH_CH_2023,YUH_CH,2023,2023-01-01,2023-12-31,BUSINESS_TRAVEL_HOTEL,,,,False,SCOPE_3
WASTE_GLAND_HQ_CH_2025,GLAND_HQ_CH,2025,2025-01-01,2025-12-31,WASTE,83.01973000000001,0.3890038884664,,False,SCOPE_3
WASTE_GLAND_ELLIPSE_CH_2025,GLAND_ELLIPSE_CH,2025,2025-01-01,2025-12-31,WASTE,,,,False,SCOPE_3
WASTE_ZÜRICH_LÖWENSTRASSE_CH_2025,ZÜRICH_LOWENSTRASSE_CH,2025,2025-01-01,2025-12-31,WASTE,3.9375,0.018449865,,False,SCOPE_3
WASTE_ZÜRICH_INSIDER-BAR_CH_2025,ZÜRICH_INSIDER-BAR_CH,2025,2025-01-01,2025-12-31,WASTE,5.17,0.0252563488,,False,SCOPE_3
WASTE_ZÜRICH_STETTBACH_CH_2025,ZÜRICH_STETTBACH_CH,2025,2025-01-01,2025-12-31,WASTE,3.5167496530235214,0.0164783635141792,,True,SCOPE_3
WASTE_BERN_CH_2025,BERN_CH,2025,2025-01-01,2025-12-31,WASTE,0.2397783854334218,0.0011235247850576,,True,SCOPE_3
WASTE_YUH_CH_2025,YUH_CH,2025,2025-01-01,2025-12-31,WASTE,2.4877007488717524,0.0116565696449733,,True,SCOPE_3
WASTE_LUXEMBOURG_LU_2025,LUXEMBOURG_LU,2025,2025-01-01,2025-12-31,WASTE,1.89366,0.0088730847887999,,True,SCOPE_3
WASTE_BUCHAREST_RO_2025,BUCHAREST_RO,2025,2025-01-01,2025-12-31,WASTE,3.037192882156677,0.0142313139440638,,True,SCOPE_3
WASTE_DUBAI_AE_2025,DUBAI_AE,2025,2025-01-01,2025-12-31,WASTE,3.3568973960679065,0.0157293469908074,,True,SCOPE_3
WASTE_MALTA_MT_2025,MALTA_MT,2025,2025-01-01,2025-12-31,WASTE,1.878264019228472,0.0088009441496184,,True,SCOPE_3
WASTE_HONG KONG_CN_2025,HONG KONG_CN,2025,2025-01-01,2025-12-31,WASTE,0.799261284778073,0.0037450826168589,,True,SCOPE_3
WASTE_CYPRUS_CY_2025,CYPRUS_CY,2025,2025-01-01,2025-12-31,WASTE,0.3197045139112291,0.0014980330467435,,True,SCOPE_3
WASTE_UNITED KINGDOM_GB_2025,UNITED KINGDOM_GB,2025,2025-01-01,2025-12-31,WASTE,0.6394090278224583,0.0029960660934871,,True,SCOPE_3
WASTE_SINGAPORE_SG_2025,SINGAPORE_SG,2025,2025-01-01,2025-12-31,WASTE,1.3507515712749432,0.0063291896224915,,True,SCOPE_3
WASTE_SOUTH AFRICA_ZA_2025,SOUTH AFRICA_ZA,2025,2025-01-01,2025-12-31,WASTE,0.6074385764313354,0.0028462627888127,,False,SCOPE_3
WASTE_GLAND_HQ_CH_2024,GLAND_HQ_CH,2024,2024-01-01,2024-12-31,WASTE,93.78226666666666,0.601201536516,,False,SCOPE_3
WASTE_GLAND_ELLIPSE_CH_2024,GLAND_ELLIPSE_CH,2024,2024-01-01,2024-12-31,WASTE,,,,False,SCOPE_3
WASTE_ZÜRICH_LÖWENSTRASSE_CH_2024,ZÜRICH_LOWENSTRASSE_CH,2024,2024-01-01,2024-12-31,WASTE,4.2195100000000005,0.0270496330011,,False,SCOPE_3
WASTE_ZÜRICH_INSIDER-BAR_CH_2024,ZÜRICH_INSIDER-BAR_CH,2024,2024-01-01,2024-12-31,WASTE,6.144,0.04908192784,,True,SCOPE_3
WASTE_ZÜRICH_STETTBACH_CH_2024,ZÜRICH_STETTBACH_CH,2024,2024-01-01,2024-12-31,WASTE,4.024168334861875,0.0257973737691488,,True,SCOPE_3
WASTE_BERN_CH_2024,BERN_CH,2024,2024-01-01,2024-12-31,WASTE,0.3064087564615641,0.00196426703826,,True,SCOPE_3
WASTE_YUH_CH_2024,YUH_CH,2024,2024-01-01,2024-12-31,WASTE,,,,True,SCOPE_3
WASTE_LUXEMBOURG_LU_2024,LUXEMBOURG_LU,2024,2024-01-01,2024-12-31,WASTE,8.170900172308375,0.0523804543536017,,True,SCOPE_3
WASTE_BUCHAREST_RO_2024,BUCHAREST_RO,2024,2024-01-01,2024-12-31,WASTE,2.9619513124617862,0.0189879147031806,,True,SCOPE_3
WASTE_DUBAI_AE_2024,DUBAI_AE,2024,2024-01-01,2024-12-31,WASTE,4.059916023115725,0.0260265382569458,,True,SCOPE_3
WASTE_MALTA_MT_2024,MALTA_MT,2024,2024-01-01,2024-12-31,WASTE,1.7158890361847592,0.0109998954142563,,True,SCOPE_3
WASTE_HONG KONG_CN_2024,HONG KONG_CN,2024,2024-01-01,2024-12-31,WASTE,1.2256350258462565,0.0078570681530402,,True,SCOPE_3
WASTE_CYPRUS_CY_2024,CYPRUS_CY,2024,2024-01-01,2024-12-31,WASTE,0.6128175129231282,0.0039285340765201,,True,SCOPE_3
WASTE_UNITED KINGDOM_GB_2024,UNITED KINGDOM_GB,2024,2024-01-01,2024-12-31,WASTE,0.8783717685231505,0.0056308988430121,,True,SCOPE_3
WASTE_SINGAPORE_SG_2024,SINGAPORE_SG,2024,2024-01-01,2024-12-31,WASTE,1.521830157092435,0.0097558596233583,,False,SCOPE_3
WASTE_SOUTH AFRICA_ZA_2024,SOUTH AFRICA_ZA,2024,2024-01-01,2024-12-31,WASTE,0.4391858842615752,0.002815449421506,,False,SCOPE_3
WASTE_GLAND_HQ_CH_2023,GLAND_HQ_CH,2023,2023-01-01,2023-12-31,WASTE,103.07562481481482,2.1935325025046573,,False,SCOPE_3
WASTE_GLAND_ELLIPSE_CH_2023,GLAND_ELLIPSE_CH,2023,2023-01-01,2023-12-31,WASTE,,,,False,SCOPE_3
WASTE_ZÜRICH_LÖWENSTRASSE_CH_2023,ZÜRICH_LOWENSTRASSE_CH,2023,2023-01-01,2023-12-31,WASTE,5.074,0.1079788159199103,,True,SCOPE_3
WASTE_ZÜRICH_INSIDER-BAR_CH_2023,ZÜRICH_INSIDER-BAR_CH,2023,2023-01-01,2023-12-31,WASTE,5.823,0.0784024818037406,,True,SCOPE_3
WASTE_ZÜRICH_STETTBACH_CH_2023,ZÜRICH_STETTBACH_CH,2023,2023-01-01,2023-12-31,WASTE,4.702054349560469,0.1000635122303121,,True,SCOPE_3
WASTE_BERN_CH_2023,BERN_CH,2023,2023-01-01,2023-12-31,WASTE,0.3562162386030658,0.0075805691083569,,True,SCOPE_3
WASTE_YUH_CH_2023,YUH_CH,2023,2023-01-01,2023-12-31,WASTE,,,,True,SCOPE_3
WASTE_LUXEMBOURG_LU_2023,LUXEMBOURG_LU,2023,2023-01-01,2023-12-31,WASTE,7.896126622367959,0.1680359485685796,,True,SCOPE_3
WASTE_BUCHAREST_RO_2023,BUCHAREST_RO,2023,2023-01-01,2023-12-31,WASTE,2.137297431618395,0.0454834146501418,,True,SCOPE_3
WASTE_DUBAI_AE_2023,DUBAI_AE,2023,2023-01-01,2023-12-31,WASTE,4.393333609437812,0.093493685669736,,True,SCOPE_3
WASTE_MALTA_MT_2023,MALTA_MT,2023,2023-01-01,2023-12-31,WASTE,1.781081193015329,0.0379028455417848,,True,SCOPE_3
WASTE_HONG KONG_CN_2023,HONG KONG_CN,2023,2023-01-01,2023-12-31,WASTE,1.1873874620102194,0.0252685636945232,,True,SCOPE_3
WASTE_CYPRUS_CY_2023,CYPRUS_CY,2023,2023-01-01,2023-12-31,WASTE,0.7124324772061316,0.0151611382167139,,True,SCOPE_3
WASTE_UNITED KINGDOM_GB_2023,UNITED KINGDOM_GB,2023,2023-01-01,2023-12-31,WASTE,1.1398919635298106,0.0242578211467423,,False,SCOPE_3
WASTE_SINGAPORE_SG_2023,SINGAPORE_SG,2023,2023-01-01,2023-12-31,WASTE,1.662342446814307,0.0353759891723325,,True,SCOPE_3
WASTE_SOUTH AFRICA_ZA_2023,SOUTH AFRICA_ZA,2023,2023-01-01,2023-12-31,WASTE,,,,True,SCOPE_3
WATER_GLAND_HQ_CH_2025,GLAND_HQ_CH,2025,2025-01-01,2025-12-31,WATER,3453.0,1.25060754,,True,SCOPE_3
WATER_GLAND_ELLIPSE_CH_2025,GLAND_ELLIPSE_CH,2025,2025-01-01,2025-12-31,WATER,375.85733572343975,0.1361280098523154,,True,SCOPE_3
WATER_ZÜRICH_LÖWENSTRASSE_CH_2025,ZÜRICH_LOWENSTRASSE_CH,2025,2025-01-01,2025-12-31,WATER,303.01075931518545,0.1097444368087738,,True,SCOPE_3
WATER_ZÜRICH_INSIDER-BAR_CH_2025,ZÜRICH_INSIDER-BAR_CH,2025,2025-01-01,2025-12-31,WATER,19.3740894702804,0.0070169077243461,,True,SCOPE_3
WATER_ZÜRICH_STETTBACH_CH_2025,ZÜRICH_STETTBACH_CH,2025,2025-01-01,2025-12-31,WATER,170.4919873384675,0.0617487879742461,,True,SCOPE_3
WATER_BERN_CH_2025,BERN_CH,2025,2025-01-01,2025-12-31,WATER,11.62445368216824,0.0042101446346076,,True,SCOPE_3
WATER_YUH_CH_2025,YUH_CH,2025,2025-01-01,2025-12-31,WATER,120.60370695249549,0.0436802505840548,,True,SCOPE_3
WATER_LUXEMBOURG_LU_2025,LUXEMBOURG_LU,2025,2025-01-01,2025-12-31,WATER,372.80591663187056,0.1350228468857308,,True,SCOPE_3
WATER_BUCHAREST_RO_2025,BUCHAREST_RO,2025,2025-01-01,2025-12-31,WATER,128.646208,0.04659308361344,,False,SCOPE_3
WATER_DUBAI_AE_2025,DUBAI_AE,2025,2025-01-01,2025-12-31,WATER,162.74235155035535,0.0589420248845077,,True,SCOPE_3
WATER_MALTA_MT_2025,MALTA_MT,2025,2025-01-01,2025-12-31,WATER,159.0,0.05758662,,False,SCOPE_3
WATER_HONG KONG_CN_2025,HONG KONG_CN,2025,2025-01-01,2025-12-31,WATER,38.7481789405608,0.0140338154486923,,True,SCOPE_3
WATER_CYPRUS_CY_2025,CYPRUS_CY,2025,2025-01-01,2025-12-31,WATER,117.29032258064515,0.042480209032258,,False,SCOPE_3
WATER_UNITED KINGDOM_GB_2025,UNITED KINGDOM_GB,2025,2025-01-01,2025-12-31,WATER,30.99854315244864,0.0112270523589538,,True,SCOPE_3
WATER_SINGAPORE_SG_2025,SINGAPORE_SG,2025,2025-01-01,2025-12-31,WATER,12.292280311457183,0.0044520180832035,,False,SCOPE_3
WATER_SOUTH AFRICA_ZA_2025,SOUTH AFRICA_ZA,2025,2025-01-01,2025-12-31,WATER,15.32232873051225,0.0055494410196169,,False,SCOPE_3
WATER_GLAND_HQ_CH_2024,GLAND_HQ_CH,2024,2024-01-01,2024-12-31,WATER,3110.0,1.0538235,,True,SCOPE_3
WATER_GLAND_ELLIPSE_CH_2024,GLAND_ELLIPSE_CH,2024,2024-01-01,2024-12-31,WATER,510.09007613638033,0.1728440222988124,,True,SCOPE_3
WATER_ZÜRICH_LÖWENSTRASSE_CH_2024,ZÜRICH_LOWENSTRASSE_CH,2024,2024-01-01,2024-12-31,WATER,325.5613664229611,0.1103164690124203,,True,SCOPE_3
WATER_ZÜRICH_INSIDER-BAR_CH_2024,ZÜRICH_INSIDER-BAR_CH,2024,2024-01-01,2024-12-31,WATER,17.574162829849453,0.0059550050748944,,True,SCOPE_3
WATER_ZÜRICH_STETTBACH_CH_2024,ZÜRICH_STETTBACH_CH,2024,2024-01-01,2024-12-31,WATER,173.1055038740171,0.0586567999877106,,True,SCOPE_3
WATER_BERN_CH_2024,BERN_CH,2024,2024-01-01,2024-12-31,WATER,13.180622122387089,0.0044662538061708,,True,SCOPE_3
WATER_YUH_CH_2024,YUH_CH,2024,2024-01-01,2024-12-31,WATER,,,,True,SCOPE_3
WATER_LUXEMBOURG_LU_2024,LUXEMBOURG_LU,2024,2024-01-01,2024-12-31,WATER,351.48325659698907,0.1191001014978897,,True,SCOPE_3
WATER_BUCHAREST_RO_2024,BUCHAREST_RO,2024,2024-01-01,2024-12-31,WATER,115.36771199999998,0.0390923492111999,,False,SCOPE_3
WATER_DUBAI_AE_2024,DUBAI_AE,2024,2024-01-01,2024-12-31,WATER,174.64324312162893,0.0591778629317639,,True,SCOPE_3
WATER_MALTA_MT_2024,MALTA_MT,2024,2024-01-01,2024-12-31,WATER,110.77586206896552,0.0375364008620689,,False,SCOPE_3
WATER_HONG KONG_CN_2024,HONG KONG_CN,2024,2024-01-01,2024-12-31,WATER,52.722488489548354,0.0178650152246834,,True,SCOPE_3
WATER_CYPRUS_CY_2024,CYPRUS_CY,2024,2024-01-01,2024-12-31,WATER,342.0,0.1158867,,False,SCOPE_3
WATER_UNITED KINGDOM_GB_2024,UNITED KINGDOM_GB,2024,2024-01-01,2024-12-31,WATER,37.78445008417632,0.0128032609110231,,True,SCOPE_3
WATER_SINGAPORE_SG_2024,SINGAPORE_SG,2024,2024-01-01,2024-12-31,WATER,10.702558398220246,0.0033928722580645,,False,SCOPE_3
WATER_SOUTH AFRICA_ZA_2024,SOUTH AFRICA_ZA,2024,2024-01-01,2024-12-31,WATER,3.82365,0.0012956438025,,False,SCOPE_3
WATER_GLAND_HQ_CH_2023,GLAND_HQ_CH,2023,2023-01-01,2023-12-31,WATER,2965.7345161290323,1.1210560647104153,,True,SCOPE_3
WATER_GLAND_ELLIPSE_CH_2023,GLAND_ELLIPSE_CH,2023,2023-01-01,2023-12-31,WATER,477.6091064473868,0.1805375978301053,,True,SCOPE_3
WATER_ZÜRICH_LÖWENSTRASSE_CH_2023,ZÜRICH_LOWENSTRASSE_CH,2023,2023-01-01,2023-12-31,WATER,310.5333933861215,0.1173825040836765,,True,SCOPE_3
WATER_ZÜRICH_INSIDER-BAR_CH_2023,ZÜRICH_INSIDER-BAR_CH,2023,2023-01-01,2023-12-31,WATER,17.494839064006843,0.0066130988216155,,True,SCOPE_3
WATER_ZÜRICH_STETTBACH_CH_2023,ZÜRICH_STETTBACH_CH,2023,2023-01-01,2023-12-31,WATER,173.19890673366774,0.0654696783339942,,True,SCOPE_3
WATER_BERN_CH_2023,BERN_CH,2023,2023-01-01,2023-12-31,WATER,13.121129298005132,0.0049598241162116,,True,SCOPE_3
WATER_YUH_CH_2023,YUH_CH,2023,2023-01-01,2023-12-31,WATER,,,,True,SCOPE_3
WATER_LUXEMBOURG_LU_2023,LUXEMBOURG_LU,2023,2023-01-01,2023-12-31,WATER,290.85169943911376,0.109942767909359,,True,SCOPE_3
WATER_BUCHAREST_RO_2023,BUCHAREST_RO,2023,2023-01-01,2023-12-31,WATER,119.980696,0.04535304362797,,False,SCOPE_3
WATER_DUBAI_AE_2023,DUBAI_AE,2023,2023-01-01,2023-12-31,WATER,161.8272613420633,0.0611711640999441,,True,SCOPE_3
WATER_MALTA_MT_2023,MALTA_MT,2023,2023-01-01,2023-12-31,WATER,166.22413793103448,0.0628331959301846,,False,SCOPE_3
WATER_HONG KONG_CN_2023,HONG KONG_CN,2023,2023-01-01,2023-12-31,WATER,43.73709766001711,0.0165327470540389,,True,SCOPE_3
WATER_CYPRUS_CY_2023,CYPRUS_CY,2023,2023-01-01,2023-12-31,WATER,166.0,0.0627484711560852,,False,SCOPE_3
WATER_UNITED KINGDOM_GB_2023,UNITED KINGDOM_GB,2023,2023-01-01,2023-12-31,WATER,41.98761375361642,0.0158714371718773,,True,SCOPE_3
WATER_SINGAPORE_SG_2023,SINGAPORE_SG,2023,2023-01-01,2023-12-31,WATER,9.387096774193548,0.0035483492239449,,False,SCOPE_3
WATER_SOUTH AFRICA_ZA_2023,SOUTH AFRICA_ZA,2023,2023-01-01,2023-12-31,WATER,,,,False,SCOPE_3
PAPER_BUCHAREST_RO_2025,BUCHAREST_RO,2025,2025-01-01,2025-12-31,PAPER,,,,False,SCOPE_3
PAPER_CYPRUS_CY_2025,CYPRUS_CY,2025,2025-01-01,2025-12-31,PAPER,14.260276799999996,0.0185383598399999,,False,SCOPE_3
PAPER_DUBAI_AE_2025,DUBAI_AE,2025,2025-01-01,2025-12-31,PAPER,390.1900955179999,0.5072471241733999,,False,SCOPE_3
PAPER_HONG KONG_CN_2025,HONG KONG_CN,2025,2025-01-01,2025-12-31,PAPER,40.7800008,0.0530140010399999,,False,SCOPE_3
PAPER_UNITED KINGDOM_GB_2025,UNITED KINGDOM_GB,2025,2025-01-01,2025-12-31,PAPER,62.37,0.081081,,False,SCOPE_3
PAPER_LUXEMBOURG_LU_2025,LUXEMBOURG_LU,2025,2025-01-01,2025-12-31,PAPER,216.91,0.281983,,False,SCOPE_3
PAPER_MALTA_MT_2025,MALTA_MT,2025,2025-01-01,2025-12-31,PAPER,24.948,0.0324323999999999,,False,SCOPE_3
PAPER_SINGAPORE_SG_2025,SINGAPORE_SG,2025,2025-01-01,2025-12-31,PAPER,51.41782799999999,0.0668431764,,False,SCOPE_3
PAPER_SOUTH AFRICA_ZA_2025,SOUTH AFRICA_ZA,2025,2025-01-01,2025-12-31,PAPER,,,,False,SCOPE_3
PAPER_SWITZERLAND_CH_2025,SWITZERLAND_CH,2025,2025-01-01,2025-12-31,PAPER,184020.97377797804,239.22726591137143,,False,SCOPE_3
PAPER_YUH_CH_2025,YUH_CH,2025,2025-01-01,2025-12-31,PAPER,,,,False,SCOPE_3
PAPER_BUCHAREST_RO_2024,BUCHAREST_RO,2024,2024-01-01,2024-12-31,PAPER,,,,False,SCOPE_3
PAPER_CYPRUS_CY_2024,CYPRUS_CY,2024,2024-01-01,2024-12-31,PAPER,13.846139999999998,0.0179999819999999,,False,SCOPE_3
PAPER_DUBAI_AE_2024,DUBAI_AE,2024,2024-01-01,2024-12-31,PAPER,500.5781482559999,0.6507515927327998,,False,SCOPE_3
PAPER_HONG KONG_CN_2024,HONG KONG_CN,2024,2024-01-01,2024-12-31,PAPER,576.053964,0.7488701532,,False,SCOPE_3
PAPER_UNITED KINGDOM_GB_2024,UNITED KINGDOM_GB,2024,2024-01-01,2024-12-31,PAPER,12.473999999999998,0.0162161999999999,,False,SCOPE_3
PAPER_LUXEMBOURG_LU_2024,LUXEMBOURG_LU,2024,2024-01-01,2024-12-31,PAPER,244.7997552,0.31823968176,,False,SCOPE_3
PAPER_MALTA_MT_2024,MALTA_MT,2024,2024-01-01,2024-12-31,PAPER,49.896,0.0648647999999999,,False,SCOPE_3
PAPER_SINGAPORE_SG_2024,SINGAPORE_SG,2024,2024-01-01,2024-12-31,PAPER,59.6656368,0.0775653278399999,,False,SCOPE_3
PAPER_SOUTH AFRICA_ZA_2024,SOUTH AFRICA_ZA,2024,2024-01-01,2024-12-31,PAPER,,,,False,SCOPE_3
PAPER_SWITZERLAND_CH_2024,SWITZERLAND_CH,2024,2024-01-01,2024-12-31,PAPER,181733.36084105005,236.25336909336505,,False,SCOPE_3
PAPER_YUH_CH_2024,YUH_CH,2024,2024-01-01,2024-12-31,PAPER,,,,False,SCOPE_3
PAPER_BUCHAREST_RO_2023,BUCHAREST_RO,2023,2023-01-01,2023-12-31,PAPER,,,,False,SCOPE_3
PAPER_CYPRUS_CY_2023,CYPRUS_CY,2023,2023-01-01,2023-12-31,PAPER,16.7999832,0.02183997816,,False,SCOPE_3
PAPER_DUBAI_AE_2023,DUBAI_AE,2023,2023-01-01,2023-12-31,PAPER,508.1405978239998,0.6605827771711998,,False,SCOPE_3
PAPER_HONG KONG_CN_2023,HONG KONG_CN,2023,2023-01-01,2023-12-31,PAPER,649.4279999999999,0.8442563999999999,,False,SCOPE_3
PAPER_UNITED KINGDOM_GB_2023,UNITED KINGDOM_GB,2023,2023-01-01,2023-12-31,PAPER,37.422,0.0486485999999999,,False,SCOPE_3
PAPER_LUXEMBOURG_LU_2023,LUXEMBOURG_LU,2023,2023-01-01,2023-12-31,PAPER,268.6,0.34918,,False,SCOPE_3
PAPER_MALTA_MT_2023,MALTA_MT,2023,2023-01-01,2023-12-31,PAPER,24.948,0.0324323999999999,,False,SCOPE_3
PAPER_SINGAPORE_SG_2023,SINGAPORE_SG,2023,2023-01-01,2023-12-31,PAPER,71.950032,0.0935350416,,False,SCOPE_3
PAPER_SOUTH AFRICA_ZA_2023,SOUTH AFRICA_ZA,2023,2023-01-01,2023-12-31,PAPER,,,,False,SCOPE_3
PAPER_SWITZERLAND_CH_2023,SWITZERLAND_CH,2023,2023-01-01,2023-12-31,PAPER,161105.21588299,209.43678064788696,,False,SCOPE_3
PAPER_YUH_CH_2023,YUH_CH,2023,2023-01-01,2023-12-31,PAPER,,,,False,SCOPE_3
FINANCED_EMISSIONS_CORPORATE BONDS_OWN_BOOK_2025,OWN_BOOK,2025,2025-01-01,2025-12-31,FINANCED_EMISSIONS_CORPORATE BONDS,384555.6,,,False,SCOPE_3
FINANCED_EMISSIONS_LISTED EQUITY_OWN_BOOK_2025,OWN_BOOK,2025,2025-01-01,2025-12-31,FINANCED_EMISSIONS_LISTED EQUITY,6361.69,,,False,SCOPE_3
FINANCED_EMISSIONS_SOVERIGN DEBT (WITH LULUCF)_OWN_BOOK_2025,OWN_BOOK,2025,2025-01-01,2025-12-31,FINANCED_EMISSIONS_SOVERIGN DEBT (WITH LULUCF),184746.33,,,False,SCOPE_3
FINANCED_EMISSIONS_GREEN BONDS_OWN_BOOK_2025,OWN_BOOK,2025,2025-01-01,2025-12-31,FINANCED_EMISSIONS_GREEN_BONDS,15036.55,,,False,
OUTSTANDING_INVESTMENTS_CORPORATE BONDS_OWN_BOOK_2025,OWN_BOOK,2025,2025-01-01,2025-12-31,OUTSTANDING_INVESTMENTS_CORPORATE BONDS,3142.0,,,False,SCOPE_3
OUTSTANDING_INVESTMENTS_LISTED EQUITY_OWN_BOOK_2025,OWN_BOOK,2025,2025-01-01,2025-12-31,OUTSTANDING_INVESTMENTS_LISTED EQUITY,19.0,,,False,SCOPE_3
OUTSTANDING_INVESTMENTS_SOVERIGN DEBT (WITH LULUCF)_OWN_BOOK_2025,OWN_BOOK,2025,2025-01-01,2025-12-31,OUTSTANDING_INVESTMENTS_SOVERIGN DEBT (WITH LULUCF),1535.0,,,False,SCOPE_3
OUTSTANDING_INVESTMENTS_GREEN_BONDS_OWN_BOOK_2025,OWN_BOOK,2025,2025-01-01,2025-12-31,OUTSTANDING_INVESTMENTS_GREEN_BONDS,124.0,,,False,SCOPE_3
FINANCED_EMISSIONS_CORPORATE BONDS_OWN_BOOK_2024,OWN_BOOK,2024,2024-01-01,2024-12-31,FINANCED_EMISSIONS_CORPORATE BONDS,288662.4378006797,,,False,SCOPE_3
FINANCED_EMISSIONS_LISTED EQUITY_OWN_BOOK_2024,OWN_BOOK,2024,2024-01-01,2024-12-31,FINANCED_EMISSIONS_LISTED EQUITY,4928.032711010097,,,False,SCOPE_3
FINANCED_EMISSIONS_SOVERIGN DEBT (WITH LULUCF)_OWN_BOOK_2024,OWN_BOOK,2024,2024-01-01,2024-12-31,FINANCED_EMISSIONS_SOVERIGN DEBT (WITH LULUCF),168041.84042259547,,,False,SCOPE_3
FINANCED_EMISSIONS_GREEN BONDS_OWN_BOOK_2024,OWN_BOOK,2024,2024-01-01,2024-12-31,FINANCED_EMISSIONS_GREEN_BONDS,16081.375333843724,,,False,
OUTSTANDING_INVESTMENTS_CORPORATE BONDS_OWN_BOOK_2024,OWN_BOOK,2024,2024-01-01,2024-12-31,OUTSTANDING_INVESTMENTS_CORPORATE BONDS,1816.0,,,False,SCOPE_3
OUTSTANDING_INVESTMENTS_LISTED EQUITY_OWN_BOOK_2024,OWN_BOOK,2024,2024-01-01,2024-12-31,OUTSTANDING_INVESTMENTS_LISTED EQUITY,17.0,,,False,SCOPE_3
OUTSTANDING_INVESTMENTS_SOVERIGN DEBT (WITH LULUCF)_OWN_BOOK_2024,OWN_BOOK,2024,2024-01-01,2024-12-31,OUTSTANDING_INVESTMENTS_SOVERIGN DEBT (WITH LULUCF),1000.0,,,False,SCOPE_3
OUTSTANDING_INVESTMENTS_GREEN_BONDS_OWN_BOOK_2024,OWN_BOOK,2024,2024-01-01,2024-12-31,OUTSTANDING_INVESTMENTS_GREEN_BONDS,83.0,,,False,SCOPE_3
FINANCED_EMISSIONS_CORPORATE BONDS_OWN_BOOK_2023,OWN_BOOK,2023,2023-01-01,2023-12-31,FINANCED_EMISSIONS_CORPORATE BONDS,202147.4974165508,,,False,SCOPE_3
FINANCED_EMISSIONS_LISTED EQUITY_OWN_BOOK_2023,OWN_BOOK,2023,2023-01-01,2023-12-31,FINANCED_EMISSIONS_LISTED EQUITY,4993.0501260795445,,,False,SCOPE_3
FINANCED_EMISSIONS_SOVERIGN DEBT (WITH LULUCF)_OWN_BOOK_2023,OWN_BOOK,2023,2023-01-01,2023-12-31,FINANCED_EMISSIONS_SOVERIGN DEBT (WITH LULUCF),127118.20817944696,,,False,SCOPE_3
FINANCED_EMISSIONS_GREEN BONDS_OWN_BOOK_2023,OWN_BOOK,2023,2023-01-01,2023-12-31,FINANCED_EMISSIONS_GREEN_BONDS,7659.327458995873,,,False,
HEATING_SOLAR_THERMAL_SWITZERLAND_CH_2025,SWITZERLAND_CH,2025,2025-01-01,2025-12-31,HEATING_SOLAR_THERMAL,15.839,,,False,SCOPE_2
HEATING_SOLAR_THERMAL_SWITZERLAND_CH_2024,SWITZERLAND_CH,2024,2024-01-01,2024-12-31,HEATING_SOLAR_THERMAL,15.606,,,False,SCOPE_2
HEATING_SOLAR_THERMAL_SWITZERLAND_CH_2023,SWITZERLAND_CH,2023,2023-01-01,2023-12-31,HEATING_SOLAR_THERMAL,17.543,,,False,SCOPE_2
