factor_id,reporting_year,location_vs_market,activity_type_code,country_code,factor_value,co2e_weight,source_name,comment
ELECTRICITY_GENERAL_AE_2023_LOCATION,2023.0,LOCATION,ELECTRICITY_GENERAL,AE,0.4746,kg CO2e,IEA 2023,UAE location-based
ELECTRICITY_GENERAL_CH_2023_MARKET,2023.0,MARKET,ELECTRICITY_GENERAL,CH,0.0,kg CO2e,IEA 2023,CH + LUX Market based approach - natur
ELECTRICITY_GENERAL_LU_2023_MARKET,2023.0,MARKET,ELECTRICITY_GENERAL,LU,0.0,kg CO2e,IEA 2023,CH + LUX Market based approach - natur
ELECTRICITY_GENERAL_CH_2024_MARKET,2024.0,MARKET,ELECTRICITY_GENERAL,CH,0.0,kg CO2e,IEA 2023,CH + LUX Market based approach - natur
ELECTRICITY_GENERAL_LU_2024_MARKET,2024.0,MARKET,ELECTRICITY_GENERAL,LU,0.0,kg CO2e,IEA 2023,CH + LUX Market based approach - natur
ELECTRICITY_GENERAL_CH_2022_LOCATION,2022.0,LOCATION,ELECTRICITY_GENERAL,CH,102.1,g CO2e,IEA 2023,Switzerland
ELECTRICITY_GENERAL_LU_2022_LOCATION,2022.0,LOCATION,ELECTRICITY_GENERAL,LU,260.7,g CO2e,IEA 2023,Luxembourg
ELECTRICITY_GENERAL_MT_2022_LOCATION,2022.0,LOCATION,ELECTRICITY_GENERAL,MT,429.4,g CO2e,IEA 2023,Malta
ELECTRICITY_GENERAL_CY_2022_LOCATION,2022.0,LOCATION,ELECTRICITY_GENERAL,CY,720.2,g CO2e,IEA 2023,Cyprus
ELECTRICITY_GENERAL_RO_2022_LOCATION,2022.0,LOCATION,ELECTRICITY_GENERAL,RO,342.6,g CO2e,IEA 2023,Romania
ELECTRICITY_GENERAL_CN_2022_LOCATION,2022.0,LOCATION,ELECTRICITY_GENERAL,CN,721.9,g CO2e,IEA 2023,China (PR of China and Hong Kong China)
ELECTRICITY_GENERAL_AE_2022_LOCATION,2022.0,LOCATION,ELECTRICITY_GENERAL,AE,571.7,g CO2e,IEA 2023,United Arab Emirates
ELECTRICITY_GENERAL_SG_2022_LOCATION,2022.0,LOCATION,ELECTRICITY_GENERAL,SG,481.4,g CO2e,IEA 2023,Singapore
ELECTRICITY_GENERAL_GB_2022_LOCATION,2022.0,LOCATION,ELECTRICITY_GENERAL,GB,251.7,g CO2e,IEA 2023,United Kingdom
ELECTRICITY_GENERAL_ZA_2022_LOCATION,2022.0,LOCATION,ELECTRICITY_GENERAL,ZA,1145.2,g CO2e,IEA 2023,South Africa
ELECTRICITY_GENERAL_CY_2022_MARKET,2022.0,MARKET,ELECTRICITY_GENERAL,CY,0.0,g CO2e,,Cyprus - market based 
ELECTRICITY_GENERAL_MT_2022_MARKET,2022.0,MARKET,ELECTRICITY_GENERAL,MT,0.0,g CO2e,,Malta - market based
ELECTRICITY_GENERAL_SG_2022_MARKET,2022.0,MARKET,ELECTRICITY_GENERAL,SG,0.0,g CO2e,,Singapore - market based
ELECTRICITY_GENERAL_CN_2022_MARKET,2022.0,MARKET,ELECTRICITY_GENERAL,CN,0.0,g CO2e,,Hong-Kong - market based
ELECTRICITY_GENERAL_CH_2023_LOCATION,2023.0,LOCATION,ELECTRICITY_GENERAL,CH,102.1,g CO2e,IEA 2023,Switzerland
ELECTRICITY_GENERAL_LU_2023_LOCATION,2023.0,LOCATION,ELECTRICITY_GENERAL,LU,260.7,g CO2e,IEA 2023,Luxembourg
ELECTRICITY_GENERAL_MT_2023_LOCATION,2023.0,LOCATION,ELECTRICITY_GENERAL,MT,429.4,g CO2e,IEA 2023,Malta
ELECTRICITY_GENERAL_CY_2023_LOCATION,2023.0,LOCATION,ELECTRICITY_GENERAL,CY,720.2,g CO2e,IEA 2023,Cyprus
ELECTRICITY_GENERAL_RO_2023_LOCATION,2023.0,LOCATION,ELECTRICITY_GENERAL,RO,342.6,g CO2e,IEA 2023,Romania
ELECTRICITY_GENERAL_CN_2023_LOCATION,2023.0,LOCATION,ELECTRICITY_GENERAL,CN,721.9,g CO2e,IEA 2023,China (PR of China and Hong Kong China)
ELECTRICITY_GENERAL_AE_2023_LOCATION,2023.0,LOCATION,ELECTRICITY_GENERAL,AE,571.7,g CO2e,IEA 2023,United Arab Emirates
ELECTRICITY_GENERAL_SG_2023_LOCATION,2023.0,LOCATION,ELECTRICITY_GENERAL,SG,481.4,g CO2e,IEA 2023,Singapore
ELECTRICITY_GENERAL_GB_2023_LOCATION,2023.0,LOCATION,ELECTRICITY_GENERAL,GB,251.7,g CO2e,IEA 2023,United Kingdom
ELECTRICITY_GENERAL_ZA_2023_LOCATION,2023.0,LOCATION,ELECTRICITY_GENERAL,ZA,1145.2,g CO2e,IEA 2023,South Africa
ELECTRICITY_GENERAL_CY_2023_MARKET,2023.0,MARKET,ELECTRICITY_GENERAL,CY,0.0,g CO2e,,Cyprus - market based 
ELECTRICITY_GENERAL_MT_2023_MARKET,2023.0,MARKET,ELECTRICITY_GENERAL,MT,0.0,g CO2e,,Malta - market based
ELECTRICITY_GENERAL_SG_2023_MARKET,2023.0,MARKET,ELECTRICITY_GENERAL,SG,0.0,g CO2e,,Singapore - market based
ELECTRICITY_GENERAL_CN_2023_MARKET,2023.0,MARKET,ELECTRICITY_GENERAL,CN,0.0,g CO2e,,Hong-Kong - market based
ELECTRICITY_GENERAL_CH_2024_LOCATION,2024.0,LOCATION,ELECTRICITY_GENERAL,CH,102.1,g CO2e,IEA 2023,Switzerland
ELECTRICITY_GENERAL_LU_2024_LOCATION,2024.0,LOCATION,ELECTRICITY_GENERAL,LU,260.7,g CO2e,IEA 2023,Luxembourg
ELECTRICITY_GENERAL_MT_2024_LOCATION,2024.0,LOCATION,ELECTRICITY_GENERAL,MT,429.4,g CO2e,IEA 2023,Malta
ELECTRICITY_GENERAL_CY_2024_LOCATION,2024.0,LOCATION,ELECTRICITY_GENERAL,CY,720.2,g CO2e,IEA 2023,Cyprus
ELECTRICITY_GENERAL_RO_2024_LOCATION,2024.0,LOCATION,ELECTRICITY_GENERAL,RO,342.6,g CO2e,IEA 2023,Romania
ELECTRICITY_GENERAL_CN_2024_LOCATION,2024.0,LOCATION,ELECTRICITY_GENERAL,CN,721.9,g CO2e,IEA 2023,China (PR of China and Hong Kong China)
ELECTRICITY_GENERAL_AE_2024_LOCATION,2024.0,LOCATION,ELECTRICITY_GENERAL,AE,571.7,g CO2e,IEA 2023,United Arab Emirates
ELECTRICITY_GENERAL_SG_2024_LOCATION,2024.0,LOCATION,ELECTRICITY_GENERAL,SG,481.4,g CO2e,IEA 2023,Singapore
ELECTRICITY_GENERAL_GB_2024_LOCATION,2024.0,LOCATION,ELECTRICITY_GENERAL,GB,251.7,g CO2e,IEA 2023,United Kingdom
ELECTRICITY_GENERAL_ZA_2024_LOCATION,2024.0,LOCATION,ELECTRICITY_GENERAL,ZA,1145.2,g CO2e,IEA 2023,South Africa
ELECTRICITY_GENERAL_CY_2024_MARKET,2024.0,MARKET,ELECTRICITY_GENERAL,CY,0.0,g CO2e,,Cyprus - market based 
ELECTRICITY_GENERAL_MT_2024_MARKET,2024.0,MARKET,ELECTRICITY_GENERAL,MT,0.0,g CO2e,,Malta - market based
ELECTRICITY_GENERAL_SG_2024_MARKET,2024.0,MARKET,ELECTRICITY_GENERAL,SG,0.0,g CO2e,,Singapore - market based
ELECTRICITY_GENERAL_CN_2024_MARKET,2024.0,MARKET,ELECTRICITY_GENERAL,CN,0.0,g CO2e,,Hong-Kong - market based
ELECTRICITY_GENERAL_CH_2025_LOCATION,2025.0,LOCATION,ELECTRICITY_GENERAL,CH,118.1,g CO2e,IEA 2024,Switzerland
ELECTRICITY_GENERAL_LU_2025_LOCATION,2025.0,LOCATION,ELECTRICITY_GENERAL,LU,268.7,g CO2e,IEA 2024,Luxembourg
ELECTRICITY_GENERAL_MT_2025_LOCATION,2025.0,LOCATION,ELECTRICITY_GENERAL,MT,420.6,g CO2e,IEA 2024,Malta
ELECTRICITY_GENERAL_CY_2025_LOCATION,2025.0,LOCATION,ELECTRICITY_GENERAL,CY,687.8,g CO2e,IEA 2024,Cyprus
ELECTRICITY_GENERAL_RO_2025_LOCATION,2025.0,LOCATION,ELECTRICITY_GENERAL,RO,274.9,g CO2e,IEA 2024,Romania
ELECTRICITY_GENERAL_CN_2025_LOCATION,2025.0,LOCATION,ELECTRICITY_GENERAL,CN,695.8,g CO2e,IEA 2024,China (PR of China and Hong Kong China)
ELECTRICITY_GENERAL_AE_2025_LOCATION,2025.0,LOCATION,ELECTRICITY_GENERAL,AE,497.0,g CO2e,IEA 2024,United Arab Emirates
ELECTRICITY_GENERAL_SG_2025_LOCATION,2025.0,LOCATION,ELECTRICITY_GENERAL,SG,448.3,g CO2e,IEA 2024,Singapore
ELECTRICITY_GENERAL_GB_2025_LOCATION,2025.0,LOCATION,ELECTRICITY_GENERAL,GB,234.0,g CO2e,IEA 2024,United Kingdom
ELECTRICITY_GENERAL_ZA_2025_LOCATION,2025.0,LOCATION,ELECTRICITY_GENERAL,ZA,1242.4,g CO2e,IEA 2024,South Africa
ELECTRICITY_GENERAL_CH_2025_MARKET,2025.0,MARKET,ELECTRICITY_GENERAL,CH,0.0,kg CO2e,IEA 2023,CH + LUX Market based approach - natur
ELECTRICITY_GENERAL_LU_2025_MARKET,2025.0,MARKET,ELECTRICITY_GENERAL,LU,0.0,kg CO2e,IEA 2023,CH + LUX Market based approach - natur
HEATING_DISTRICT_2023,2023.0,,HEATING_DISTRICT,,0.17964657181208055,kg CO2e,DEFRA 2023,
HEATING_NATURAL_GAS_2023,2023.0,,HEATING_NATURAL_GAS,,0.18292892617449666,kg CO2e,DEFRA 2023,Gross CV
HEATING_BIOGAS_2023,2023.0,,HEATING_BIOGAS,,0.00022,kg CO2e,DEFRA 2023,
HEATING_DISTRICT_2024,2024.0,,HEATING_DISTRICT,,0.17965,kg CO2e,DEFRA 2024,
HEATING_NATURAL_GAS_2024,2024.0,,HEATING_NATURAL_GAS,,0.1829,kg CO2e,DEFRA 2024,Gross CV
HEATING_NATURAL_GAS_2024,2024.0,,HEATING_NATURAL_GAS,,0.1829,kg CO2e,DEFRA 2024,Gross CV
HEATING_BIOGAS_2024,2024.0,,HEATING_BIOGAS,,0.00023,kg CO2e,DEFRA 2024,
HEATING_DISTRICT_2025,2025.0,,HEATING_DISTRICT,,0.17529,kg CO2e,DEFRA 2025,
HEATING_NATURAL_GAS_2025,2025.0,,HEATING_NATURAL_GAS,,0.18296,kg CO2e,DEFRA 2025,Gross CV
HEATING_BIOGAS_2025,2025.0,,HEATING_BIOGAS,,0.00022,kg CO2e,DEFRA 2025,
HEATING_ELECTRICITY_CH_2023_MARKET,2023.0,MARKET,HEATING_ELECTRICITY,CH,0.0,kg CO2e,IEA 2023,CH + LUX Market based approach - natur
HEATING_ELECTRICITY_LU_2023_MARKET,2023.0,MARKET,HEATING_ELECTRICITY,LU,0.0,kg CO2e,IEA 2023,CH + LUX Market based approach - natur
HEATING_ELECTRICITY_CH_2024_MARKET,2024.0,MARKET,HEATING_ELECTRICITY,CH,0.0,kg CO2e,IEA 2024,CH + LUX Market based approach - natur
HEATING_ELECTRICITY_LU_2024_MARKET,2024.0,MARKET,HEATING_ELECTRICITY,LU,0.0,kg CO2e,IEA 2024,CH + LUX Market based approach - natur
HEATING_ELECTRICITY_CH_2025_MARKET,2025.0,MARKET,HEATING_ELECTRICITY,CH,0.0,kg CO2e,IEA 2023,CH + LUX Market based approach - natur
HEATING_ELECTRICITY_LU_2025_MARKET,2025.0,MARKET,HEATING_ELECTRICITY,LU,0.0,kg CO2e,IEA 2023,CH + LUX Market based approach - natur
HEATING_ELECTRICITY_CH_2022_LOCATION,2022.0,LOCATION,HEATING_ELECTRICITY,CH,102.1,g CO2e,IEA 2023,Switzerland
HEATING_ELECTRICITY_CH_2023_LOCATION,2023.0,LOCATION,HEATING_ELECTRICITY,CH,102.1,g CO2e,IEA 2023,Switzerland
HEATING_ELECTRICITY_CH_2024_LOCATION,2024.0,LOCATION,HEATING_ELECTRICITY,CH,102.1,g CO2e,IEA 2023,Switzerland
HEATING_ELECTRICITY_CH_2025_LOCATION,2025.0,LOCATION,HEATING_ELECTRICITY,CH,118.1,g CO2e,IEA 2024,Switzerland
FUEL_DIESEL_2023,2023.0,,FUEL_DIESEL,,10.554,kWh,DEFRA 2023,Converter in kWh
FUEL_PETROL_2023,2023.0,,FUEL_PETROL,,9.702,kWh,DEFRA 2023,Converter in kWh
FUEL_DIESEL_2023,2023.0,,FUEL_DIESEL,,0.25192703087248325,kg CO2e,DEFRA 2023,
FUEL_PETROL_2023,2023.0,,FUEL_PETROL,,0.24171479060402684,kg CO2e,DEFRA 2023,
FUEL_DIESEL_2024,2024.0,,FUEL_DIESEL,,10.561,kWh,DEFRA 2024,Converter in kWh
FUEL_PETROL_2024,2024.0,,FUEL_PETROL,,9.732,kWh,DEFRA 2024,Converter in kWh
FUEL_DIESEL_2024,2024.0,,FUEL_DIESEL,,0.25197,kg CO2e,DEFRA 2024,
FUEL_PETROL_2024,2024.0,,FUEL_PETROL,,0.24186,kg CO2e,DEFRA 2024,
FUEL_DIESEL_2025,2025.0,,FUEL_DIESEL,,2.57082,kg CO2e,DEFRA 2025,No need to convert in kWh since 2025
FUEL_PETROL_2025,2025.0,,FUEL_PETROL,,2.06916,kg CO2e,DEFRA 2025,No need to convert in kWh since 2025
FUEL_DIESEL_2025,2025.0,,FUEL_DIESEL,,10.531,kWh,DEFRA 2025,From tab fuel properties
FUEL_PETROL_2025,2025.0,,FUEL_PETROL,,9.423,kWh,DEFRA 2025,Frome tab fuel properties
EMPLOYEE_COMMUTING_FOOT,2025.0,,EMPLOYEE_COMMUTING,,0.0,kg CO2e,DEFRA 2025 / Mobitool 2023,
EMPLOYEE_COMMUTING_BICYCLE,2025.0,,EMPLOYEE_COMMUTING,,0.0056,kg CO2e,Mobitool 2023,
EMPLOYEE_COMMUTING_PUBLIC TRANSPORT,2025.0,,EMPLOYEE_COMMUTING,,0.10385,kg CO2e,DEFRA 2025,Business travel Land - Average local bus
EMPLOYEE_COMMUTING_PUBLIC TRANSPORT,2025.0,,EMPLOYEE_COMMUTING,,0.02649,kg CO2e,DEFRA 2025,WTT pass veh and travel land WTT Bus - average local bus
EMPLOYEE_COMMUTING_PUBLIC TRANSPORT,2025.0,,EMPLOYEE_COMMUTING,,0.0286,kg CO2e,DEFRA 2025,Business travel Land - Light rail and tram
EMPLOYEE_COMMUTING_PUBLIC TRANSPORT,2025.0,,EMPLOYEE_COMMUTING,,0.00749,kg CO2e,DEFRA 2025,WTT pass veh and travel land WTT Rail - Light rail and tram
EMPLOYEE_COMMUTING_PUBLIC TRANSPORT,2025.0,,EMPLOYEE_COMMUTING,,0.0254,kg CO2e,Mobitool 2023,
EMPLOYEE_COMMUTING_MOTOR VEHICLE,2025.0,,EMPLOYEE_COMMUTING,,0.16725,kg CO2e,DEFRA 2025,Business travel Land - average car unknown category
EMPLOYEE_COMMUTING_MOTOR VEHICLE,2025.0,,EMPLOYEE_COMMUTING,,0.04399,kg CO2e,DEFRA 2025,WTT pass veh and travel land WTT cars (by size) average car unknown category
EMPLOYEE_COMMUTING_MOTOR VEHICLE,2025.0,,EMPLOYEE_COMMUTING,,0.1864,kg CO2e,Mobitool 2023,
BUSINESS_TRAVEL_FLIGHT_2023,2023.0,,BUSINESS_TRAVEL_FLIGHT,,0.17580378389261744,,Business Travel - Air (Flight/International/Average passenger),DEFRA
BUSINESS_TRAVEL_TRAIN_2023,2023.0,,BUSINESS_TRAVEL_TRAIN,,0.02162,,WTT - Business travel-air (Flight/International/Average passenger),DEFRA
BUSINESS_TRAVEL_FLIGHT_2024,2024.0,,BUSINESS_TRAVEL_FLIGHT,,0.1758,,Business Travel - Air (Flight/International/Average passenger),DEFRA
BUSINESS_TRAVEL_FLIGHT_2024,2024.0,,BUSINESS_TRAVEL_FLIGHT,,0.02162,,WTT - Business travel-air (Flight/International/Average passenger),DEFRA
BUSINESS_TRAVEL_TRAIN_2024,2024.0,,BUSINESS_TRAVEL_TRAIN,,0.00446,,Business Travel - Train (Land/Rail/International),DEFRA
BUSINESS_TRAVEL_TRAIN_2024,2024.0,,BUSINESS_TRAVEL_TRAIN,,0.00117,,WTT - Business travel-train (Flight/International/Average passenger),DEFRA
BUSINESS_TRAVEL_FLIGHT_2025,2025.0,,BUSINESS_TRAVEL_FLIGHT,,0.14253,,Business Travel - Air (Flight/International/Average passenger),DEFRA
BUSINESS_TRAVEL_FLIGHT_2025,2025.0,,BUSINESS_TRAVEL_FLIGHT,,0.02162,,WTT - Business travel-air (Flight/International/Average passenger),DEFRA
BUSINESS_TRAVEL_TRAIN_2025,2025.0,,BUSINESS_TRAVEL_TRAIN,,0.00446,,Business Travel - Train (Land/Rail/International),DEFRA
BUSINESS_TRAVEL_TRAIN_2025,2025.0,,BUSINESS_TRAVEL_TRAIN,,0.00117,,WTT - Business travel-train (Land/Rail/International),DEFRA
BUSINESS_TRAVEL_CAR_2025,2025.0,,BUSINESS_TRAVEL_CAR,,0.16725,kg CO2e,Business travel Land - average car unknown category,DEFRA
BUSINESS_TRAVEL_CAR_2025,2025.0,,BUSINESS_TRAVEL_CAR,,0.04399,kg CO2e,WTT pass veh and travel land WTT cars (by size) average car unknown category,DEFRA
BUSINESS_TRAVEL_HOTEL_AR_2025,2025.0,,BUSINESS_TRAVEL_HOTEL,AR,15.299999999999999,kg CO2e,,Argentina
BUSINESS_TRAVEL_HOTEL_AU_2025,2025.0,,BUSINESS_TRAVEL_HOTEL,AU,35.0,kg CO2e,,Australia
BUSINESS_TRAVEL_HOTEL_AT_2025,2025.0,,BUSINESS_TRAVEL_HOTEL,AT,1.6,kg CO2e,,Austria
BUSINESS_TRAVEL_HOTEL_BE_2025,2025.0,,BUSINESS_TRAVEL_HOTEL,BE,12.2,kg CO2e,,Belgium
BUSINESS_TRAVEL_HOTEL_BR_2025,2025.0,,BUSINESS_TRAVEL_HOTEL,BR,8.7,kg CO2e,,Brazil
BUSINESS_TRAVEL_HOTEL_CA_2025,2025.0,,BUSINESS_TRAVEL_HOTEL,CA,7.4,kg CO2e,,Canada
BUSINESS_TRAVEL_HOTEL_CL_2025,2025.0,,BUSINESS_TRAVEL_HOTEL,CL,27.6,kg CO2e,,Chile
BUSINESS_TRAVEL_HOTEL_CN_2025,2025.0,,BUSINESS_TRAVEL_HOTEL,CN,53.5,kg CO2e,,China
BUSINESS_TRAVEL_HOTEL_CO_2025,2025.0,,BUSINESS_TRAVEL_HOTEL,CO,14.7,kg CO2e,,Colombia
BUSINESS_TRAVEL_HOTEL_CR_2025,2025.0,,BUSINESS_TRAVEL_HOTEL,CR,4.7,kg CO2e,,Costa Rica
BUSINESS_TRAVEL_HOTEL_CY_2025,2025.0,,BUSINESS_TRAVEL_HOTEL,CY,72.6,kg CO2e,,Cyprus
BUSINESS_TRAVEL_HOTEL_CZ_2025,2025.0,,BUSINESS_TRAVEL_HOTEL,CZ,4.0,kg CO2e,,Czech Republic
BUSINESS_TRAVEL_HOTEL_DK_2025,2025.0,,BUSINESS_TRAVEL_HOTEL,DK,5.8999999999999995,kg CO2e,,Denmark
BUSINESS_TRAVEL_HOTEL_EG_2025,2025.0,,BUSINESS_TRAVEL_HOTEL,EG,44.2,kg CO2e,,Egypt
BUSINESS_TRAVEL_HOTEL_SV_2025,2025.0,,BUSINESS_TRAVEL_HOTEL,SV,10.5,kg CO2e,,El Salvador
BUSINESS_TRAVEL_HOTEL_FJ_2025,2025.0,,BUSINESS_TRAVEL_HOTEL,FJ,,kg CO2e,,Fiji
BUSINESS_TRAVEL_HOTEL_FI_2025,2025.0,,BUSINESS_TRAVEL_HOTEL,FI,10.8,kg CO2e,,Finland
BUSINESS_TRAVEL_HOTEL_FR_2025,2025.0,,BUSINESS_TRAVEL_HOTEL,FR,6.7,kg CO2e,,France
BUSINESS_TRAVEL_HOTEL_DE_2025,2025.0,,BUSINESS_TRAVEL_HOTEL,DE,13.2,kg CO2e,,Germany
BUSINESS_TRAVEL_HOTEL_GR_2025,2025.0,,BUSINESS_TRAVEL_HOTEL,GR,30.099999999999998,kg CO2e,,Greece
BUSINESS_TRAVEL_HOTEL_HK_2025,2025.0,,BUSINESS_TRAVEL_HOTEL,HK,51.5,kg CO2e,,"Hong Kong, China"
BUSINESS_TRAVEL_HOTEL_HU_2025,2025.0,,BUSINESS_TRAVEL_HOTEL,HU,22.2,kg CO2e,,Hungary
BUSINESS_TRAVEL_HOTEL_IN_2025,2025.0,,BUSINESS_TRAVEL_HOTEL,IN,58.9,kg CO2e,,India
BUSINESS_TRAVEL_HOTEL_ID_2025,2025.0,,BUSINESS_TRAVEL_HOTEL,ID,62.7,kg CO2e,,Indonesia
BUSINESS_TRAVEL_HOTEL_IE_2025,2025.0,,BUSINESS_TRAVEL_HOTEL,IE,26.700000000000003,kg CO2e,,Ireland
BUSINESS_TRAVEL_HOTEL_IL_2025,2025.0,,BUSINESS_TRAVEL_HOTEL,IL,,kg CO2e,,Israel
BUSINESS_TRAVEL_HOTEL_IT_2025,2025.0,,BUSINESS_TRAVEL_HOTEL,IT,14.3,kg CO2e,,Italy
BUSINESS_TRAVEL_HOTEL_JP_2025,2025.0,,BUSINESS_TRAVEL_HOTEL,JP,39.0,kg CO2e,,Japan
BUSINESS_TRAVEL_HOTEL_JO_2025,2025.0,,BUSINESS_TRAVEL_HOTEL,JO,68.9,kg CO2e,,Jordan
BUSINESS_TRAVEL_HOTEL_KZ_2025,2025.0,,BUSINESS_TRAVEL_HOTEL,KZ,73.80000000000001,kg CO2e,,Kazakhstan
BUSINESS_TRAVEL_HOTEL_KR_2025,2025.0,,BUSINESS_TRAVEL_HOTEL,KR,55.8,kg CO2e,,Korea
BUSINESS_TRAVEL_HOTEL_LT_2025,2025.0,,BUSINESS_TRAVEL_HOTEL,LT,21.4,kg CO2e,,Lithuania
BUSINESS_TRAVEL_HOTEL_LU_2025,2025.0,,BUSINESS_TRAVEL_HOTEL,LU,5.3,kg CO2e,,Luxembourg
BUSINESS_TRAVEL_HOTEL_MO_2025,2025.0,,BUSINESS_TRAVEL_HOTEL,MO,,kg CO2e,,"Macau, China"
BUSINESS_TRAVEL_HOTEL_MY_2025,2025.0,,BUSINESS_TRAVEL_HOTEL,MY,61.5,kg CO2e,,Malaysia
BUSINESS_TRAVEL_HOTEL_MV_2025,2025.0,,BUSINESS_TRAVEL_HOTEL,MV,152.2,kg CO2e,,Maldives
BUSINESS_TRAVEL_HOTEL_MT_2025,2025.0,,BUSINESS_TRAVEL_HOTEL,MT,2.8,kg CO2e,,Malta
BUSINESS_TRAVEL_HOTEL_MU_2025,2025.0,,BUSINESS_TRAVEL_HOTEL,MU,85.1,kg CO2e,,Mauritius
BUSINESS_TRAVEL_HOTEL_MX_2025,2025.0,,BUSINESS_TRAVEL_HOTEL,MX,19.3,kg CO2e,,Mexico
BUSINESS_TRAVEL_HOTEL_MA_2025,2025.0,,BUSINESS_TRAVEL_HOTEL,MA,57.3,kg CO2e,,Morocco
BUSINESS_TRAVEL_HOTEL_NL_2025,2025.0,,BUSINESS_TRAVEL_HOTEL,NL,14.8,kg CO2e,,Netherlands
BUSINESS_TRAVEL_HOTEL_NZ_2025,2025.0,,BUSINESS_TRAVEL_HOTEL,NZ,,kg CO2e,,New Zealand
BUSINESS_TRAVEL_HOTEL_NO_2025,2025.0,,BUSINESS_TRAVEL_HOTEL,NO,17.7,kg CO2e,,Norway
BUSINESS_TRAVEL_HOTEL_OM_2025,2025.0,,BUSINESS_TRAVEL_HOTEL,OM,90.3,kg CO2e,,Oman
BUSINESS_TRAVEL_HOTEL_PA_2025,2025.0,,BUSINESS_TRAVEL_HOTEL,PA,23.099999999999998,kg CO2e,,Panama
BUSINESS_TRAVEL_HOTEL_PY_2025,2025.0,,BUSINESS_TRAVEL_HOTEL,PY,15.9,kg CO2e,,Paraguay
BUSINESS_TRAVEL_HOTEL_PE_2025,2025.0,,BUSINESS_TRAVEL_HOTEL,PE,16.6,kg CO2e,,Peru
BUSINESS_TRAVEL_HOTEL_PH_2025,2025.0,,BUSINESS_TRAVEL_HOTEL,PH,54.3,kg CO2e,,Philippines
BUSINESS_TRAVEL_HOTEL_PL_2025,2025.0,,BUSINESS_TRAVEL_HOTEL,PL,29.3,kg CO2e,,Poland
BUSINESS_TRAVEL_HOTEL_PT_2025,2025.0,,BUSINESS_TRAVEL_HOTEL,PT,19.0,kg CO2e,,Portugal
BUSINESS_TRAVEL_HOTEL_QA_2025,2025.0,,BUSINESS_TRAVEL_HOTEL,QA,86.2,kg CO2e,,Qatar
BUSINESS_TRAVEL_HOTEL_RO_2025,2025.0,,BUSINESS_TRAVEL_HOTEL,RO,16.8,kg CO2e,,Romania
BUSINESS_TRAVEL_HOTEL_RU_2025,2025.0,,BUSINESS_TRAVEL_HOTEL,RU,24.2,kg CO2e,,Russian Federation
BUSINESS_TRAVEL_HOTEL_SA_2025,2025.0,,BUSINESS_TRAVEL_HOTEL,SA,106.4,kg CO2e,,Saudi Arabia
BUSINESS_TRAVEL_HOTEL_SG_2025,2025.0,,BUSINESS_TRAVEL_HOTEL,SG,24.5,kg CO2e,,Singapore
BUSINESS_TRAVEL_HOTEL_ZA_2025,2025.0,,BUSINESS_TRAVEL_HOTEL,ZA,51.4,kg CO2e,,South Africa
BUSINESS_TRAVEL_HOTEL_ES_2025,2025.0,,BUSINESS_TRAVEL_HOTEL,ES,7.0,kg CO2e,,Spain
BUSINESS_TRAVEL_HOTEL_CH_2025,2025.0,,BUSINESS_TRAVEL_HOTEL,CH,6.6,kg CO2e,,Switzerland
BUSINESS_TRAVEL_HOTEL_SE_2025,2025.0,,BUSINESS_TRAVEL_HOTEL,SE,17.6,kg CO2e,,Sweden
BUSINESS_TRAVEL_HOTEL_TW_2025,2025.0,,BUSINESS_TRAVEL_HOTEL,TW,,kg CO2e,,"Taiwan, China"
BUSINESS_TRAVEL_HOTEL_TH_2025,2025.0,,BUSINESS_TRAVEL_HOTEL,TH,43.4,kg CO2e,,Thailand
BUSINESS_TRAVEL_HOTEL_TR_2025,2025.0,,BUSINESS_TRAVEL_HOTEL,TR,32.1,kg CO2e,,Turkey
BUSINESS_TRAVEL_HOTEL_AE_2025,2025.0,,BUSINESS_TRAVEL_HOTEL,AE,63.8,kg CO2e,,United Arab Emirates
BUSINESS_TRAVEL_HOTEL_US_2025,2025.0,,BUSINESS_TRAVEL_HOTEL,US,16.1,kg CO2e,,United States
BUSINESS_TRAVEL_HOTEL_UY_2025,2025.0,,BUSINESS_TRAVEL_HOTEL,UY,3.9,kg CO2e,,Uruguay
BUSINESS_TRAVEL_HOTEL_VN_2025,2025.0,,BUSINESS_TRAVEL_HOTEL,VN,38.5,kg CO2e,,Vietnam
WASTE_2025_,2025.0,,WASTE,,4.68568,kg CO2e,,Important : No value in country = World
WASTE_2025_,2025.0,,WASTE,,,,,Important : No value in country = World
WATER__2025,2025.0,,WATER,,0.1913,kg CO2e,,We sum both for each country
WATER__2025,2025.0,,WATER,,0.17088,kg CO2e,,We sum both for each country
PAPER_2022,2022.0,,PAPER,,1.3,kg CO2e,GHG Protocol,
PAPER_2023,2023.0,,PAPER,,1.3,kg CO2e,GHG Protocol,
PAPER_2024,2024.0,,PAPER,,1.3,kg CO2e,GHG Protocol,
PAPER_2025,2025.0,,PAPER,,1.3,kg CO2e,https://ghgprotocol.org/sites/default/files/Quantitative%20Uncertainty%20Guidance.pdf,
