office_information_id,office_id,reporting_year,fte_female,fte_male,fte_total,working_days,percentage_average_ho
GLAND_HQ_CH_2025,GLAND_HQ_CH,2025,306.47,703.3,1009.77,252.0,0.29
GLAND_ELLIPSE_CH_2025,GLAND_ELLIPSE_CH,2025,,,0.0,252.0,0.29
ZÜRICH_LOWENSTRASSE_CH_2025,ZÜRICH_LOWENSTRASSE_CH,2025,28.2,50.0,78.2,252.0,0.29
ZÜRICH_STETTBACH_CH_2025,ZÜRICH_STETTBACH_CH,2025,14.6,29.4,44.0,252.0,0.29
ZÜRICH_JOSEFSTRASSE_CH_2025,ZÜRICH_JOSEFSTRASSE_CH,2025,,,0.0,,
ZÜRICH_INSIDER-BAR_CH_2025,ZÜRICH_INSIDER-BAR_CH,2025,,,0.0,,
BERN_CH_2025,BERN_CH,2025,0.0,3.0,3.0,252.0,0.29
YUH_CH_2025,YUH_CH,2025,30.35,31.9,62.25,126.0,0.2645302474687485
DUBAI_DIFC_AE_2025,DUBAI_DIFC_AE,2025,6.0,16.0,22.0,247.0,0.0
DUBAI_REP OFFICE_AE_2025,DUBAI_REP OFFICE_AE,2025,11.0,9.0,20.0,247.0,0.0
DUBAI_AE_2025,DUBAI_AE,2025,,,0.0,,
LUXEMBOURG_LU_2025,LUXEMBOURG_LU,2025,42.4125,53.8,96.2125,250.0,0.0732339393939393
SOUTH AFRICA_ZA_2025,SOUTH AFRICA_ZA,2025,3.6,4.0,7.6,249.0,0.0332440874609549
CYPRUS_CY_2025,CYPRUS_CY,2025,3.0,1.0,4.0,248.0,0.2620967741935484
HONG KONG_CN_2025,HONG KONG_CN,2025,5.0,5.0,10.0,244.0,0.0
SINGAPORE_SG_2025,SINGAPORE_SG,2025,8.9,8.0,16.9,251.0,0.3368486836965861
MALTA_MT_2025,MALTA_MT,2025,13.5,10.0,23.5,247.0,0.0936032388663967
UNITED KINGDOM_GB_2025,UNITED KINGDOM_GB,2025,3.0,5.0,8.0,250.0,0.1620065789473684
BUCHAREST_RO_2025,BUCHAREST_RO,2025,13.0,25.0,38.0,252.0,0.29
GLAND_INSIDER-BAR_CH_2025,GLAND_INSIDER-BAR_CH,2025,1.0,4.0,5.0,252.0,0.29
GLAND_HQ_CH_2024,GLAND_HQ_CH,2024,252.97,632.45,885.42,,
GLAND_ELLIPSE_CH_2024,GLAND_ELLIPSE_CH,2024,,,0.0,,
ZÜRICH_LOWENSTRASSE_CH_2024,ZÜRICH_LOWENSTRASSE_CH,2024,22.2,51.9,74.1,,
ZÜRICH_STETTBACH_CH_2024,ZÜRICH_STETTBACH_CH,2024,15.6,23.8,39.4,,
ZÜRICH_JOSEFSTRASSE_CH_2024,ZÜRICH_JOSEFSTRASSE_CH,2024,,,0.0,,
ZÜRICH_INSIDER-BAR_CH_2024,ZÜRICH_INSIDER-BAR_CH,2024,,,0.0,,
BERN_CH_2024,BERN_CH,2024,0.0,3.0,3.0,,
YUH_CH_2024,YUH_CH,2024,,,0.0,,
DUBAI_DIFC_AE_2024,DUBAI_DIFC_AE,2024,5.75,15.0,20.75,,
DUBAI_REP OFFICE_AE_2024,DUBAI_REP OFFICE_AE,2024,11.0,8.0,19.0,,
DUBAI_AE_2024,DUBAI_AE,2024,,,0.0,,
LUXEMBOURG_LU_2024,LUXEMBOURG_LU,2024,37.2,42.8,80.0,,
SOUTH AFRICA_ZA_2024,SOUTH AFRICA_ZA,2024,1.3,3.0,4.3,,
CYPRUS_CY_2024,CYPRUS_CY,2024,4.0,2.0,6.0,,
HONG KONG_CN_2024,HONG KONG_CN,2024,7.0,5.0,12.0,,
SINGAPORE_SG_2024,SINGAPORE_SG,2024,8.9,6.0,14.9,,
MALTA_MT_2024,MALTA_MT,2024,8.8,8.0,16.8,,
UNITED KINGDOM_GB_2024,UNITED KINGDOM_GB,2024,3.6,5.0,8.6,,
BUCHAREST_RO_2024,BUCHAREST_RO,2024,9.0,20.0,29.0,,
GLAND_INSIDER-BAR_CH_2024,GLAND_INSIDER-BAR_CH,2024,2.0,2.0,4.0,,
GLAND_HQ_CH_2023,GLAND_HQ_CH,2023,241.27,598.55,839.82,,
GLAND_ELLIPSE_CH_2023,GLAND_ELLIPSE_CH,2023,,,0.0,,
ZÜRICH_LOWENSTRASSE_CH_2023,ZÜRICH_LOWENSTRASSE_CH,2023,23.0,48.0,71.0,,
ZÜRICH_STETTBACH_CH_2023,ZÜRICH_STETTBACH_CH,2023,14.6,25.0,39.6,,
ZÜRICH_JOSEFSTRASSE_CH_2023,ZÜRICH_JOSEFSTRASSE_CH,2023,,,0.0,,
ZÜRICH_INSIDER-BAR_CH_2023,ZÜRICH_INSIDER-BAR_CH,2023,,,0.0,,
BERN_CH_2023,BERN_CH,2023,0.0,3.0,3.0,,
YUH_CH_2023,YUH_CH,2023,,,0.0,,
DUBAI_DIFC_AE_2023,DUBAI_DIFC_AE,2023,6.0,13.0,19.0,,
DUBAI_REP OFFICE_AE_2023,DUBAI_REP OFFICE_AE,2023,10.0,8.0,18.0,,
DUBAI_AE_2023,DUBAI_AE,2023,,,0.0,,
LUXEMBOURG_LU_2023,LUXEMBOURG_LU,2023,32.5,34.0,66.5,,
SOUTH AFRICA_ZA_2023,SOUTH AFRICA_ZA,2023,0.0,0.0,0.0,,
CYPRUS_CY_2023,CYPRUS_CY,2023,4.0,2.0,6.0,,
HONG KONG_CN_2023,HONG KONG_CN,2023,6.0,4.0,10.0,,
SINGAPORE_SG_2023,SINGAPORE_SG,2023,8.0,6.0,14.0,,
MALTA_MT_2023,MALTA_MT,2023,10.0,5.0,15.0,,
UNITED KINGDOM_GB_2023,UNITED KINGDOM_GB,2023,4.6,5.0,9.6,,
BUCHAREST_RO_2023,BUCHAREST_RO,2023,8.0,10.0,18.0,,
GLAND_INSIDER-BAR_CH_2023,GLAND_INSIDER-BAR_CH,2023,2.0,2.0,4.0,,
